Date,MSFT,AAPL,AMZN,SP 500
3/5/12,31.8,19.04,180.26,136.75
3/6/12,31.56,18.94,181.09,134.75
3/7/12,31.84,18.95,183.77,135.69
3/8/12,32.01,19.36,187.64,137.04
3/9/12,31.99,19.47,184.32,137.57
3/12/12,32.04,19.71,183.39,137.58
3/13/12,32.67,20.29,184.59,140.06
3/14/12,32.77,21.06,182.26,139.91
3/15/12,32.85,20.91,184.43,140.72
3/16/12,32.6,20.91,185.05,140.3
3/19/12,32.2,21.47,185.52,140.85
3/20/12,31.99,21.64,192.33,140.44
3/21/12,31.91,21.52,191.73,140.21
3/22/12,32,21.41,192.4,139.2
3/23/12,32.01,21.29,195.04,139.65
3/26/12,32.59,21.68,202.87,141.61
3/27/12,32.52,21.95,205.44,141.17
3/28/12,32.19,22.06,201.16,140.47
3/29/12,32.12,21.78,204.61,140.23
3/30/12,32.26,21.41,202.51,140.81
4/2/12,32.29,22.09,198.05,141.84
4/3/12,31.94,22.48,199.66,141.26
4/4/12,31.21,22.3,193.99,139.86
4/5/12,31.52,22.63,194.39,139.79
4/9/12,31.1,22.72,191.87,138.22
4/10/12,30.47,22.44,186.98,135.9
4/11/12,30.35,22.36,187.97,137
4/12/12,30.98,22.24,190.69,138.79
4/13/12,30.81,21.62,188.46,137.14
4/16/12,31.08,20.72,185.5,137.05
4/17/12,31.44,21.78,188.39,139.08
4/18/12,31.14,21.73,191.07,138.61
4/19/12,31.01,20.98,191.1,137.72
4/20/12,32.42,20.46,189.98,137.95
4/23/12,32.12,20.42,188.24,136.79
4/24/12,31.92,20.01,190.33,137.31
4/25/12,32.2,21.79,194.42,139.19
4/26/12,32.11,21.7,195.99,140.16
4/27/12,31.98,21.54,226.85,140.39
4/30/12,32.02,20.86,231.9,139.87
5/1/12,32.01,20.79,230.04,140.74
5/2/12,31.8,20.93,230.25,140.32
5/3/12,31.76,20.78,229.45,139.25
5/4/12,30.98,20.19,223.99,137
5/7/12,30.65,20.34,225.16,137.1
5/8/12,30.5,20.29,223.9,136.55
5/9/12,30.76,20.33,222.98,135.74
5/10/12,30.74,20.38,226.69,136.02
5/11/12,31.16,20.24,227.68,135.61
5/14/12,30.68,19.94,222.93,134.11
5/15/12,30.21,19.76,224.39,133.34
5/16/12,29.9,19.5,224.06,132.83
5/17/12,29.72,18.93,218.36,130.86
5/18/12,29.27,18.94,213.85,129.74
5/21/12,29.75,20.05,218.11,131.97
5/22/12,29.76,19.89,215.33,132.2
5/23/12,29.11,20.38,217.28,132.27
5/24/12,29.07,20.19,215.24,132.53
5/25/12,29.06,20.08,212.89,132.1
5/29/12,29.56,20.44,214.75,133.7
5/30/12,29.34,20.68,209.23,131.76
5/31/12,29.19,20.63,212.91,131.47
6/1/12,28.45,20.04,208.22,128.16
6/4/12,28.55,20.15,214.57,128.1
6/5/12,28.51,20.1,213.21,129.07
6/6/12,29.35,20.41,217.64,131.97
6/7/12,29.23,20.42,218.8,132.05
6/8/12,29.65,20.73,218.48,133.1
6/11/12,28.9,20.4,216.5,131.41
6/12/12,29.29,20.58,216.42,132.92
6/13/12,29.13,20.43,214.73,132.07
6/14/12,29.34,20.41,214.45,133.47
6/15/12,30.02,20.5,218.35,134.14
6/18/12,29.84,20.92,222.66,134.4
6/19/12,30.7,20.98,224.03,135.7
6/20/12,30.93,20.92,223.02,135.48
6/21/12,30.14,20.63,220.58,132.44
6/22/12,30.7,20.79,222.16,133.46
6/25/12,29.87,20.38,220.07,131.32
6/26/12,30.02,20.43,225.61,131.98
6/27/12,30.17,20.52,225.62,133.17
6/28/12,29.91,20.32,221.31,132.79
6/29/12,30.59,20.86,228.35,136.1
7/2/12,30.56,21.16,229.32,136.51
7/3/12,30.76,21.41,229.53,137.41
7/5/12,30.7,21.78,227.06,136.79
7/6/12,30.19,21.64,225.05,135.49
7/9/12,30,21.92,225.05,135.32
7/10/12,29.74,21.72,219.5,134.14
7/11/12,29.3,21.59,218.37,134.16
7/12/12,28.63,21.39,215.36,133.51
7/13/12,29.39,21.61,218.39,135.75
7/16/12,29.44,21.68,216.01,135.43
7/17/12,29.66,21.68,216.93,136.36
7/18/12,30.45,21.65,217.47,137.37
7/19/12,30.67,21.94,226.17,137.73
7/20/12,30.12,21.58,228.29,136.47
7/23/12,29.28,21.57,226.01,135.09
7/24/12,29.15,21.46,223.04,133.93
7/25/12,28.83,20.53,217.05,133.96
7/26/12,29.16,20.53,220.01,136.17
7/27/12,29.76,20.9,237.32,138.68
7/30/12,29.64,21.25,236.09,138.68
7/31/12,29.47,21.81,233.3,137.71
8/1/12,29.41,21.67,232.09,137.59
8/2/12,29.19,21.71,230.81,136.64
8/3/12,29.75,21.99,234.97,139.35
8/6/12,29.95,22.23,233.99,139.62
8/7/12,30.26,22.18,236.56,140.32
8/8/12,30.33,22.14,234.38,140.49
8/9/12,30.5,22.17,234.06,140.61
8/10/12,30.42,22.2,232.75,140.84
8/13/12,30.39,22.5,232.44,140.77
8/14/12,30.13,22.56,233.19,140.79
8/15/12,30.2,22.53,237.42,140.95
8/16/12,30.78,22.73,241.55,141.99
8/17/12,30.9,23.15,241.17,142.18
8/20/12,30.74,23.76,240.35,142.19
8/21/12,30.8,23.43,239.45,141.76
8/22/12,30.54,23.89,243.1,141.82
8/23/12,30.26,23.67,241.2,140.66
8/24/12,30.56,23.69,245.74,141.51
8/27/12,30.69,24.13,243.92,141.54
8/28/12,30.63,24.1,246.11,141.4
8/29/12,30.65,24.05,247.12,141.51
8/30/12,30.32,23.71,246.22,140.49
8/31/12,30.82,23.76,248.27,141.16
9/4/12,30.39,24.11,247.88,141.03
9/5/12,30.39,23.94,246.22,140.91
9/6/12,31.35,24.15,251.38,143.77
9/7/12,30.95,24.3,259.14,144.33
9/10/12,30.72,23.67,257.09,143.51
9/11/12,30.79,23.59,255.67,143.91
9/12/12,30.78,23.92,255.63,144.39
9/13/12,30.94,24.39,260.24,146.59
9/14/12,31.21,24.69,261.27,147.24
9/17/12,31.21,24.99,258,146.74
9/18/12,31.18,25.07,258.75,146.62
9/19/12,31.05,25.08,261.68,146.7
9/20/12,31.45,24.95,260.81,146.71
9/21/12,31.19,25,257.47,145.87
9/24/12,30.78,24.67,254.8,145.65
9/25/12,30.39,24.05,252.46,144.1
9/26/12,30.17,23.76,249.67,143.29
9/27/12,30.16,24.33,256.59,144.64
9/28/12,29.76,23.83,254.32,143.97
10/1/12,29.49,23.55,252.01,144.35
10/2/12,29.66,23.62,250.6,144.5
10/3/12,29.86,23.98,255.92,145.09
10/4/12,30.03,23.81,260.47,146.13
10/5/12,29.85,23.31,258.51,146.14
10/8/12,29.78,22.79,259.06,145.64
10/9/12,29.28,22.71,250.96,144.2
10/10/12,28.98,22.89,244.99,143.28
10/11/12,28.95,22.43,244.22,143.36
10/12/12,29.2,22.49,242.36,142.89
10/15/12,29.51,22.67,244.18,144.08
10/16/12,29.49,23.21,243.94,145.54
10/17/12,29.59,23.02,247.49,146.2
10/18/12,29.5,22.59,244.85,145.82
10/19/12,28.64,21.78,240,143.39
10/22/12,28,22.64,233.78,143.41
10/23/12,28.05,21.91,234.31,141.42
10/24/12,27.9,22.03,228.49,141.02
10/25/12,27.88,21.77,222.92,141.43
10/26/12,28.21,21.57,238.24,141.35
10/31/12,28.54,21.26,232.89,141.35
11/1/12,29.52,21.3,232.14,142.83
11/2/12,29.5,20.6,232.42,141.56
11/5/12,29.63,20.88,234.33,141.85
11/6/12,29.86,20.82,237.56,142.96
11/7/12,29.08,19.93,232.06,139.72
11/8/12,28.81,19.21,227.35,138.04
11/9/12,28.83,19.54,226.31,138.16
11/12/12,28.22,19.39,226.47,138.26
11/13/12,27.09,19.39,226.6,137.79
11/14/12,26.84,19.17,222.95,135.93
11/15/12,26.66,18.77,220.6,135.7
11/16/12,26.52,18.85,225.23,136.37
11/19/12,26.73,20.2,229.71,139.13
11/20/12,26.71,20.03,233.78,139.19
11/21/12,26.95,20.06,238.03,139.45
11/23/12,27.7,20.41,239.88,141.35
11/26/12,27.39,21.05,243.62,141.05
11/27/12,27.08,20.89,243.4,140.33
11/28/12,27.36,20.82,247.11,141.46
11/29/12,26.95,21.05,251.27,142.12
11/30/12,26.62,20.9,252.05,142.16
12/3/12,26.43,20.94,250.33,141.45
12/4/12,26.37,20.57,252.49,141.25
12/5/12,26.67,19.24,253.96,141.5
12/6/12,26.73,19.54,253.37,141.98
12/7/12,26.46,19.04,253.27,142.41
12/10/12,26.94,18.92,247.77,142.47
12/11/12,27.32,19.34,250.69,143.44
12/12/12,27.24,19.25,251.76,143.51
12/13/12,27.11,18.92,251.25,142.63
12/14/12,26.81,18.21,249.19,142.11
12/17/12,27.1,18.53,253.86,143.77
12/18/12,27.56,19.07,260.4,145.37
12/19/12,27.31,18.8,257.99,144.29
12/20/12,27.68,18.63,261.5,145.12
12/21/12,27.45,18.55,256.92,142.79
12/24/12,27.06,18.58,258.62,142.35
12/26/12,26.86,18.32,248.63,141.75
12/27/12,26.96,18.4,248.31,141.56
12/28/12,26.55,18.2,245.18,140.03
12/31/12,26.71,19.01,250.87,142.41
1/2/13,27.62,19.61,257.31,146.06
1/3/13,27.25,19.36,258.48,145.73
1/4/13,26.74,18.82,259.15,146.37
1/7/13,26.69,18.71,268.46,145.97
1/8/13,26.55,18.76,266.38,145.55
1/9/13,26.7,18.47,266.35,145.92
1/10/13,26.46,18.7,265.34,147.08
1/11/13,26.83,18.58,267.94,147.07
1/14/13,26.89,17.92,272.73,146.97
1/15/13,27.21,17.35,271.9,147.07
1/16/13,27.04,18.07,268.93,147.05
1/17/13,27.25,17.95,270.48,148
1/18/13,27.25,17.86,272.12,148.33
1/22/13,27.15,18.03,270.19,149.13
1/23/13,27.61,18.36,268.11,149.37
1/24/13,27.63,16.09,273.62,149.41
1/25/13,27.88,15.71,283.99,150.25
1/28/13,27.91,16.07,276.04,150.07
1/29/13,28.01,16.37,260.35,150.66
1/30/13,27.85,16.32,272.76,150.07
1/31/13,27.45,16.27,265.5,149.7
2/1/13,27.93,16.2,265,151.24
2/4/13,27.44,15.8,259.98,149.54
2/5/13,27.5,16.35,266.89,151.05
2/6/13,27.34,16.33,262.22,151.16
2/7/13,27.28,16.72,260.23,150.96
2/8/13,27.55,16.96,261.95,151.8
2/11/13,27.86,17.14,257.21,151.77
2/12/13,27.88,16.71,258.7,152.02
2/13/13,28.03,16.68,269.47,152.15
2/14/13,28.04,16.66,269.24,152.29
2/15/13,28.01,16.43,265.09,152.11
2/19/13,28.05,16.43,269.75,153.25
2/20/13,27.87,16.03,266.41,151.34
2/21/13,27.49,15.93,265.94,150.42
2/22/13,27.76,16.1,265.42,151.89
2/25/13,27.37,15.81,259.87,149
2/26/13,27.37,16.03,259.36,150.02
2/27/13,27.81,15.88,263.25,151.91
2/28/13,27.8,15.76,264.27,151.61
3/1/13,27.95,15.37,265.74,152.11
3/4/13,28.15,15,273.11,152.92
3/5/13,28.35,15.4,275.59,154.29
3/6/13,28.09,15.2,273.79,154.5
3/7/13,28.14,15.38,273.88,154.78
3/8/13,28,15.42,274.19,155.44
3/11/13,27.87,15.64,271.24,156.03
3/12/13,27.91,15.3,274.13,155.68
3/13/13,27.92,15.3,275.1,155.91
3/14/13,28.14,15.45,265.74,156.73
3/15/13,28.04,15.85,261.82,155.83
3/18/13,28.1,16.28,257.89,154.97
3/19/13,28.18,16.23,256.41,154.61
3/20/13,28.32,16.15,257.28,155.69
3/21/13,28.11,16.17,253.39,154.36
3/22/13,28.25,16.5,257.75,155.6
3/25/13,28.16,16.56,256.02,154.95
3/26/13,28.16,16.47,260.31,156.19
3/27/13,28.37,16.15,265.3,156.19
3/28/13,28.61,15.81,266.49,156.67
4/1/13,28.61,15.32,261.61,156.05
4/2/13,28.8,15.35,263.32,156.82
4/3/13,28.56,15.43,259.03,155.23
4/4/13,28.6,15.28,259.08,155.86
4/5/13,28.7,15.11,255.48,155.16
4/8/13,28.59,15.22,258.95,156.21
4/9/13,29.61,15.25,261.14,156.75
4/10/13,30.28,15.56,264.77,158.67
4/11/13,28.94,15.51,269.85,159.19
4/12/13,28.79,15.35,272.87,158.8
4/15/13,28.69,14.99,267.72,155.12
4/16/13,28.97,15.22,272.34,157.41
4/17/13,28.83,14.39,267.4,155.11
4/18/13,28.79,14,259.42,154.14
4/19/13,29.77,13.95,260.32,155.48
4/22/13,30.83,14.24,263.55,156.17
4/23/13,30.6,14.5,268.9,157.78
4/24/13,31.76,14.48,268.78,157.88
4/25/13,31.94,14.59,274.7,158.52
4/26/13,31.79,14.9,254.81,158.24
4/29/13,32.61,15.36,249.74,159.3
4/30/13,33.1,15.81,253.81,159.68
5/1/13,32.72,15.69,248.23,158.28
5/2/13,33.16,15.91,252.55,159.75
5/3/13,33.49,16.07,258.05,161.37
5/6/13,33.75,16.45,255.72,161.78
5/7/13,33.31,16.38,257.73,162.6
5/8/13,32.99,16.57,258.68,163.34
5/9/13,32.66,16.31,260.16,162.88
5/10/13,32.69,16.18,263.63,163.41
5/13/13,33.03,16.24,264.51,163.54
5/14/13,33.53,15.85,268.33,165.23
5/15/13,33.85,15.32,266.56,166.12
5/16/13,34.08,15.52,264.12,165.34
5/17/13,34.87,15.47,269.9,166.94
5/20/13,35.08,15.82,267.63,166.93
5/21/13,34.85,15.7,268.86,167.17
5/22/13,34.61,15.76,262.96,165.93
5/23/13,34.15,15.79,261.8,165.45
5/24/13,34.27,15.9,261.74,165.31
5/28/13,35.02,15.77,267.29,166.3
5/29/13,34.88,15.89,265.53,165.22
5/30/13,35.03,16.13,266.83,165.83
5/31/13,34.9,16.06,269.2,163.45
6/3/13,35.59,16.1,266.88,164.35
6/4/13,34.99,16.05,265.7,163.56
6/5/13,34.78,15.9,267.17,161.27
6/6/13,34.96,15.66,267.83,162.73
6/7/13,35.67,15.78,276.87,164.8
6/10/13,35.47,15.67,281.07,164.8
6/11/13,34.84,15.63,274.78,163.1
6/12/13,35,15.44,271.67,161.75
6/13/13,34.72,15.57,275.79,164.21
6/14/13,34.4,15.36,273.99,163.18
6/17/13,35,15.43,278.06,164.44
6/18/13,34.98,15.42,281.76,165.74
6/19/13,34.59,15.11,278.16,163.45
6/20/13,33.49,14.89,273.44,159.4
6/21/13,33.27,14.77,273.36,159.07
6/24/13,33.72,14.38,270.61,157.06
6/25/13,33.67,14.38,272.09,158.57
6/26/13,34.35,14.22,277.57,160.14
6/27/13,34.62,14.06,277.55,161.08
6/28/13,34.54,14.16,277.69,160.42
7/1/13,34.36,14.62,282.1,161.36
7/2/13,33.94,14.95,283.73,161.21
7/3/13,34.01,15.03,284.03,161.28
7/5/13,34.21,14.91,285.88,163.02
7/8/13,34.33,14.82,290.59,163.95
7/9/13,34.35,15.08,291.53,165.13
7/10/13,34.7,15.03,292.33,165.19
7/11/13,35.69,15.26,299.66,167.44
7/12/13,35.67,15.23,307.55,167.51
7/15/13,36.17,15.27,306.57,168.16
7/16/13,36.27,15.36,306.87,167.52
7/17/13,35.74,15.37,308.69,167.95
7/18/13,35.44,15.42,304.11,168.87
7/19/13,31.4,15.18,305.23,169.17
7/22/13,32.01,15.23,303.48,169.5
7/23/13,31.82,14.96,301.06,169.14
7/24/13,31.96,15.73,298.94,168.52
7/25/13,31.39,15.66,303.4,168.93
7/26/13,31.62,15.75,312.01,169.11
7/29/13,31.54,15.99,306.1,168.59
7/30/13,31.85,16.19,302.41,168.59
7/31/13,31.84,16.16,301.22,168.71
8/1/13,31.67,16.31,305.57,170.66
8/2/13,31.89,16.52,304.21,170.95
8/5/13,31.7,16.77,300.99,170.7
8/6/13,31.58,16.62,300.75,169.73
8/7/13,32.06,16.61,296.91,169.18
8/8/13,32.89,16.46,295.74,169.8
8/9/13,32.7,16.23,297.26,169.31
8/12/13,32.87,16.69,296.69,169.11
8/13/13,32.23,17.48,293.97,169.61
8/14/13,32.35,17.8,291.34,168.74
8/15/13,31.79,17.78,286.47,166.38
8/16/13,31.8,17.94,284.82,165.83
8/19/13,31.39,18.13,285.57,164.77
8/20/13,31.62,17.9,287.09,165.58
8/21/13,31.61,17.94,284.57,164.56
8/22/13,32.39,17.96,289.73,166.06
8/23/13,34.75,17.89,290.01,166.62
8/26/13,34.15,17.96,286.21,166
8/27/13,33.26,17.45,280.93,163.33
8/28/13,33.02,17.53,281.58,163.91
8/29/13,33.55,17.56,283.98,164.17
8/30/13,33.4,17.4,280.98,163.65
9/3/13,31.88,17.45,288.8,164.39
9/4/13,31.2,17.81,293.64,165.75
9/5/13,31.24,17.69,294.1,165.96
9/6/13,31.15,17.79,295.86,166.04
9/9/13,31.66,18.08,299.71,167.63
9/10/13,32.39,17.67,300.36,168.87
9/11/13,32.74,16.7,299.64,169.4
9/12/13,32.69,16.88,298.86,168.95
9/13/13,33.03,16.6,297.92,169.33
9/16/13,32.8,16.08,296.06,170.31
9/17/13,32.93,16.26,304.17,171.07
9/18/13,33.32,16.6,312.03,173.05
9/19/13,33.64,16.87,312.06,172.76
9/20/13,32.79,16.69,316.34,170.72
9/23/13,32.74,17.52,311.49,169.93
9/24/13,32.46,17.47,314.13,169.53
9/25/13,32.51,17.2,312.65,169.04
9/26/13,32.77,17.36,318.12,169.69
9/27/13,33.27,17.24,316.01,168.91
9/30/13,33.28,17.03,312.64,168.01
10/1/13,33.58,17.43,320.95,169.34
10/2/13,33.92,17.48,320.51,169.18
10/3/13,33.86,17.26,314.76,167.62
10/4/13,33.88,17.25,319.04,168.89
10/7/13,33.3,17.42,310.03,167.43
10/8/13,33.01,17.18,303.23,165.48
10/9/13,33.07,17.38,298.23,165.6
10/10/13,33.76,17.49,305.17,169.17
10/11/13,34.13,17.6,310.89,170.26
10/14/13,34.45,17.72,310.7,170.94
10/15/13,34.49,17.81,306.4,169.7
10/16/13,34.64,17.9,310.49,172.07
10/17/13,34.92,18.02,310.77,173.22
10/18/13,34.96,18.17,328.93,174.39
10/21/13,34.99,18.62,326.44,174.4
10/22/13,34.58,18.57,332.54,175.41
10/23/13,33.76,18.75,326.76,174.57
10/24/13,33.72,19,332.21,175.15
10/25/13,35.73,18.78,363.39,175.95
10/28/13,35.57,18.92,358.16,176.23
10/29/13,35.52,18.45,362.7,177.17
10/30/13,35.54,18.75,361.08,176.29
10/31/13,35.41,18.67,364.03,175.79
11/1/13,35.53,18.57,359,176.21
11/4/13,35.94,18.81,358.74,176.83
11/5/13,36.64,18.77,358.89,176.27
11/6/13,38.18,18.6,356.18,177.17
11/7/13,37.5,18.3,343.56,174.93
11/8/13,37.78,18.59,350.31,177.29
11/11/13,37.59,18.54,354.38,177.32
11/12/13,37.36,18.57,349.53,176.96
11/13/13,38.16,18.59,356.22,178.38
11/14/13,38.02,18.86,367.4,179.27
11/15/13,37.84,18.75,369.17,180.05
11/18/13,37.2,18.52,366.18,179.42
11/19/13,36.74,18.56,364.94,179.03
11/20/13,37.08,18.39,362.57,178.47
11/21/13,37.4,18.61,368.92,179.91
11/22/13,37.57,18.56,372.31,180.81
11/25/13,37.64,18.7,376.64,180.63
11/26/13,37.35,19.05,381.37,180.68
11/27/13,37.6,19.5,386.71,181.12
11/29/13,38.13,19.86,393.62,181
12/2/13,38.45,19.69,392.3,180.53
12/3/13,38.31,20.23,384.66,179.75
12/4/13,38.94,20.18,385.96,179.73
12/5/13,38,20.28,384.49,178.94
12/6/13,38.36,20,386.95,180.94
12/9/13,38.71,20.23,384.89,181.4
12/10/13,38.11,20.2,387.78,180.75
12/11/13,37.61,20.05,382.19,178.72
12/12/13,37.22,20.02,381.25,178.13
12/13/13,36.69,19.8,384.24,178.11
12/16/13,36.88,19.91,388.97,179.22
12/17/13,36.52,19.82,387.65,178.65
12/18/13,36.58,19.67,395.96,181.7
12/19/13,36.25,19.45,395.19,181.49
12/20/13,36.8,19.61,402.2,181.56
12/23/13,36.62,20.36,402.92,182.53
12/24/13,37.08,20.27,399.2,182.93
12/26/13,37.44,20.14,404.39,183.86
12/27/13,37.29,20,398.08,183.85
12/30/13,37.29,19.8,393.37,183.82
12/31/13,37.41,20.04,398.79,184.69
1/2/14,37.16,19.75,397.97,182.92
1/3/14,36.91,19.32,396.44,182.89
1/6/14,36.13,19.43,393.63,182.36
1/7/14,36.41,19.29,398.03,183.48
1/8/14,35.76,19.41,401.92,183.52
1/9/14,35.53,19.16,401.01,183.64
1/10/14,36.04,19.03,397.66,184.14
1/13/14,34.98,19.13,390.98,181.69
1/14/14,35.78,19.51,397.54,183.67
1/15/14,36.76,19.91,395.87,184.66
1/16/14,36.89,19.79,395.8,184.42
1/17/14,36.38,19.31,399.61,183.64
1/21/14,36.17,19.61,407.05,184.18
1/22/14,35.93,19.7,404.54,184.3
1/23/14,36.06,19.86,399.87,182.79
1/24/14,36.81,19.5,387.6,178.89
1/27/14,36.03,19.66,386.28,178.01
1/28/14,36.27,18.09,394.43,179.07
1/29/14,36.66,17.88,384.2,177.35
1/30/14,36.86,17.85,403.01,179.23
1/31/14,37.84,17.88,358.69,178.18
2/3/14,36.48,17.91,346.15,174.17
2/4/14,36.35,18.17,347.95,175.39
2/5/14,35.82,18.31,346.45,175.17
2/6/14,36.18,18.3,354.59,177.48
2/7/14,36.56,18.56,361.08,179.68
2/10/14,36.8,18.89,360.87,180.01
2/11/14,37.17,19.14,361.79,181.98
2/12/14,37.47,19.14,349.25,182.07
2/13/14,37.61,19.44,357.2,183.01
2/14/14,37.62,19.43,357.35,184.02
2/18/14,37.42,19.5,353.65,184.24
2/19/14,37.51,19.19,347.38,183.02
2/20/14,37.75,18.97,349.8,184.1
2/21/14,37.98,18.76,346.76,183.89
2/24/14,37.69,18.84,351.78,184.91
2/25/14,37.54,18.65,358.32,184.84
2/26/14,37.47,18.48,359.8,184.85
2/27/14,37.86,18.85,360.13,185.82
2/28/14,38.31,18.79,362.1,186.29
3/3/14,37.78,18.85,359.78,184.98
3/4/14,38.41,18.97,363.9,187.58
3/5/14,38.11,19.01,372.37,187.75
3/6/14,38.15,18.96,372.16,188.18
3/7/14,37.9,18.94,372.06,188.26
3/10/14,37.82,18.96,370.53,188.16
3/11/14,38.02,19.15,368.82,187.23
3/12/14,38.27,19.16,370.64,187.28
3/13/14,37.89,18.95,371.51,185.18
3/14/14,37.7,18.74,373.74,184.66
3/17/14,38.05,18.81,375.04,186.33
3/18/14,39.55,18.98,378.77,187.66
3/19/14,39.27,18.97,373.23,186.66
3/20/14,40.33,18.88,368.97,187.75
3/21/14,40.16,19.03,360.62,186.2
3/24/14,40.5,19.26,351.85,185.43
3/25/14,40.34,19.46,354.71,186.31
3/26/14,39.79,19.28,343.41,184.97
3/27/14,39.36,19.2,338.47,184.58
3/28/14,40.3,19.17,338.29,185.49
3/31/14,40.99,19.17,336.37,187.01
4/1/14,41.42,19.34,342.99,188.25
4/2/14,41.35,19.38,341.96,188.88
4/3/14,41.01,19.24,333.62,188.63
4/4/14,39.87,18.99,323,186.4
4/7/14,39.8,18.7,317.76,184.34
4/8/14,39.82,18.69,327.07,185.1
4/9/14,40.47,18.94,331.81,187.09
4/10/14,39.36,18.7,317.11,183.16
4/11/14,39.21,18.56,311.73,181.51
4/14/14,39.18,18.63,315.91,182.94
4/15/14,39.75,18.5,316.08,184.2
4/16/14,40.4,18.54,323.68,186.13
4/17/14,40.01,18.75,324.91,186.39
4/21/14,39.94,18.97,330.87,187.04
4/22/14,39.99,18.99,329.32,187.89
4/23/14,39.69,18.74,324.58,187.45
4/24/14,39.86,20.28,337.15,187.83
4/25/14,39.91,20.43,303.83,186.29
4/28/14,40.87,21.22,296.58,186.88
4/29/14,40.51,21.15,300.38,187.75
4/30/14,40.4,21.07,304.13,188.31
5/1/14,40,21.12,307.89,188.33
5/2/14,39.69,21.16,308.01,188.06
5/5/14,39.43,21.46,310.05,188.42
5/6/14,39.06,21.23,297.38,186.78
5/7/14,39.42,21.15,292.71,187.88
5/8/14,39.64,21,288.32,187.68
5/9/14,39.54,20.91,292.24,187.96
5/12/14,39.97,21.17,302.86,189.79
5/13/14,40.42,21.21,304.64,189.96
5/14/14,40.24,21.21,297.62,189.06
5/15/14,39.6,21.03,295.19,187.4
5/16/14,39.83,21.34,297.7,188.05
5/19/14,39.75,21.59,296.76,188.74
5/20/14,39.68,21.6,301.19,187.55
5/21/14,40.35,21.65,305.01,189.13
5/22/14,40.1,21.69,304.91,189.59
5/23/14,40.12,21.93,312.24,190.35
5/27/14,40.19,22.34,310.82,191.52
5/28/14,40.01,22.29,310.16,191.38
5/29/14,40.34,22.69,313.78,192.37
5/30/14,40.94,22.61,312.55,192.68
6/2/14,40.79,22.45,308.84,192.9
6/3/14,40.29,22.77,307.19,192.8
6/4/14,40.32,23.03,306.78,193.19
6/5/14,41.21,23.12,323.57,194.45
6/6/14,41.48,23.06,329.67,195.38
6/9/14,41.27,23.43,327.5,195.58
6/10/14,41.11,23.56,332.41,195.6
6/11/14,40.86,23.47,335.2,194.92
6/12/14,40.58,23.07,325.91,193.54
6/13/14,41.23,22.82,326.27,194.13
6/16/14,41.5,23.05,327.62,194.29
6/17/14,41.68,23.02,325.62,194.83
6/18/14,41.65,23.05,334.38,196.26
6/19/14,41.51,22.97,327,196.48
6/20/14,41.68,22.73,324.2,195.94
6/23/14,41.99,22.71,327.24,195.88
6/24/14,41.75,22.57,324.16,194.7
6/25/14,42.03,22.59,327.44,195.58
6/26/14,41.72,22.73,325.69,195.44
6/27/14,42.25,23,324.57,195.82
6/30/14,41.7,23.23,324.78,195.72
7/1/14,41.87,23.38,332.39,197.03
7/2/14,41.9,23.37,332.85,197.23
7/3/14,41.8,23.51,337.49,198.2
7/7/14,41.99,23.99,333.55,197.51
7/8/14,41.78,23.84,323.81,196.24
7/9/14,41.67,23.85,329.97,197.12
7/10/14,41.69,23.76,327.92,196.34
7/11/14,42.09,23.81,346.2,196.61
7/14/14,42.14,24.11,355.32,197.6
7/15/14,42.45,23.83,354.44,197.23
7/16/14,44.08,23.7,355.9,197.96
7/17/14,44.53,23.27,352.45,195.71
7/18/14,44.69,23.61,358.66,197.71
7/21/14,44.84,23.48,359.76,197.34
7/22/14,44.83,23.68,360.84,198.2
7/23/14,44.87,24.3,358.14,198.64
7/24/14,44.4,24.26,358.61,198.65
7/25/14,44.5,24.42,324.01,197.72
7/28/14,43.97,24.76,320.41,197.8
7/29/14,43.89,24.6,320,196.95
7/30/14,43.58,24.54,322.51,196.98
7/31/14,43.16,23.9,312.99,193.09
8/1/14,42.86,24.03,307.06,192.5
8/4/14,43.37,23.9,313.65,193.89
8/5/14,43.08,23.78,312.32,192.01
8/6/14,42.74,23.74,313.89,192.07
8/7/14,43.23,23.62,311.45,191.03
8/8/14,43.2,23.69,316.8,193.24
8/11/14,43.2,24,318.33,193.8
8/12/14,43.52,23.99,319.32,193.53
8/13/14,44.08,24.31,326.28,194.84
8/14/14,44.27,24.38,333.21,195.76
8/15/14,44.79,24.5,333.63,195.72
8/18/14,45.11,24.79,334.53,197.36
8/19/14,45.33,25.13,335.13,198.39
8/20/14,44.95,25.14,335.78,198.92
8/21/14,45.22,25.15,332.91,199.5
8/22/14,45.15,25.33,331.59,199.19
8/25/14,45.17,25.39,334.02,200.2
8/26/14,45.01,25.22,341.83,200.33
8/27/14,44.87,25.53,343.18,200.25
8/28/14,44.88,25.56,340.02,200.14
8/29/14,45.43,25.63,339.04,200.71
9/2/14,45.09,25.83,342.38,200.61
9/3/14,44.96,24.74,339,200.5
9/4/14,45.26,24.53,345.95,200.21
9/5/14,45.91,24.74,346.38,201.11
9/8/14,46.47,24.59,342.34,200.59
9/9/14,46.76,24.5,329.75,199.32
9/10/14,46.84,25.25,331.33,200.07
9/11/14,47,25.36,330.52,200.3
9/12/14,46.7,25.42,331.19,199.13
9/15/14,46.24,25.41,323.89,198.98
9/16/14,46.76,25.22,327.76,200.48
9/17/14,46.52,25.4,324,200.75
9/18/14,46.68,25.45,325,201.82
9/19/14,47.52,25.24,331.32,200.7
9/22/14,47.06,25.27,324.5,199.15
9/23/14,46.56,25.66,323.63,198.01
9/24/14,47.08,25.44,328.21,199.56
9/25/14,46.04,24.47,321.93,196.34
9/26/14,46.41,25.19,323.21,197.9
9/29/14,46.44,25.03,321.82,197.54
9/30/14,46.36,25.19,322.44,197.02
10/1/14,45.9,24.8,317.46,194.35
10/2/14,45.76,24.98,318.41,194.38
10/3/14,46.09,24.91,322.74,196.52
10/6/14,46.09,24.91,322.2,196.29
10/7/14,45.53,24.69,316.98,193.26
10/8/14,46.78,25.2,322.7,196.64
10/9/14,45.85,25.26,315.37,192.74
10/10/14,44.03,25.18,311.39,190.54
10/13/14,43.65,24.95,306.45,187.41
10/14/14,43.73,24.69,308.31,187.7
10/15/14,43.22,24.39,305.97,186.43
10/16/14,42.74,24.07,302.86,186.27
10/17/14,43.63,24.42,303.64,188.47
10/20/14,44.08,24.94,306.21,190.3
10/21/14,44.88,25.62,315.33,194.07
10/22/14,44.38,25.75,312.97,192.69
10/23/14,45.02,26.21,313.18,194.93
10/24/14,46.13,26.31,287.06,196.43
10/27/14,45.91,26.28,289.97,196.16
10/28/14,46.49,26.69,295.59,198.41
10/29/14,46.62,26.84,294.12,198.11
10/30/14,46.05,26.75,299.07,199.38
10/31/14,46.95,27,305.46,201.66
11/3/14,47.44,27.35,305.72,201.77
11/4/14,47.57,27.15,302.81,201.07
11/5/14,47.86,27.22,296.52,202.34
11/6/14,48.7,27.18,296.64,203.15
11/7/14,48.68,27.25,299.86,203.34
11/10/14,48.89,27.21,305.11,203.98
11/11/14,48.87,27.43,312.01,204.18
11/12/14,48.78,27.81,311.51,203.96
11/13/14,49.61,28.21,316.48,204.19
11/14/14,49.58,28.55,327.82,204.24
11/17/14,49.46,28.5,323.05,204.37
11/18/14,48.74,28.87,324.93,205.55
11/19/14,48.22,28.67,326.54,205.22
11/20/14,48.7,29.08,330.54,205.58
11/21/14,47.98,29.12,332.63,206.68
11/24/14,47.59,29.66,335.64,207.26
11/25/14,47.47,29.4,335.04,207.11
11/26/14,47.75,29.75,333.57,207.64
11/28/14,47.81,29.73,338.64,207.2
12/1/14,48.62,28.77,326,205.76
12/2/14,48.46,28.66,326.31,207.09
12/3/14,48.08,28.98,316.5,207.89
12/4/14,48.84,28.87,316.93,207.66
12/5/14,48.42,28.75,312.63,208
12/8/14,47.7,28.1,306.64,206.61
12/9/14,47.59,28.53,312.5,206.47
12/10/14,46.9,27.99,305.84,203.16
12/11/14,47.17,27.91,307.36,204.19
12/12/14,46.95,27.43,307.32,200.89
12/15/14,46.67,27.06,306.07,199.51
12/16/14,45.16,26.69,295.06,197.91
12/17/14,45.74,27.35,298.88,201.79
12/18/14,47.52,28.16,297.73,206.78
12/19/14,47.66,27.95,299.9,206.52
12/22/14,47.98,28.24,306.54,207.47
12/23/14,48.45,28.14,306.29,207.75
12/24/14,48.14,28,303.03,207.77
12/26/14,47.88,28.5,309.09,208.44
12/29/14,47.45,28.48,312.04,208.72
12/30/14,47.02,28.13,310.3,207.6
12/31/14,46.45,27.6,310.35,205.54
1/2/15,46.76,27.33,308.52,205.43
1/5/15,46.33,26.56,302.19,201.76
1/6/15,45.65,26.57,295.29,199.82
1/7/15,46.23,26.94,298.42,202.31
1/8/15,47.59,27.97,300.46,205.9
1/9/15,47.19,28,296.93,204.25
1/12/15,46.6,27.31,291.41,202.65
1/13/15,46.36,27.56,294.74,202.08
1/14/15,45.96,27.45,293.27,200.86
1/15/15,45.48,26.71,286.95,199.02
1/16/15,46.24,26.5,290.74,201.63
1/20/15,46.39,27.18,289.44,202.06
1/21/15,45.92,27.39,297.25,203.08
1/22/15,47.13,28.1,310.32,206.1
1/23/15,47.18,28.25,312.39,204.97
1/26/15,47.01,28.28,309.66,205.45
1/27/15,42.66,27.29,306.75,202.74
1/28/15,41.19,28.83,303.91,200.14
1/29/15,42.01,29.73,311.78,201.99
1/30/15,40.4,29.29,354.53,199.45
2/2/15,41.28,29.66,364.47,201.92
2/3/15,41.6,29.66,363.55,204.84
2/4/15,41.84,29.89,364.75,204.06
2/5/15,42.45,29.99,373.89,206.12
2/6/15,42.41,29.73,374.28,205.55
2/9/15,42.36,29.93,370.56,204.63
2/10/15,42.6,30.51,373,206.81
2/11/15,42.38,31.22,375.14,206.93
2/12/15,43.09,31.62,377.17,208.92
2/13/15,43.87,31.77,381.83,209.78
2/17/15,43.58,31.96,375.43,210.11
2/18/15,43.53,32.18,373.37,210.13
2/19/15,43.5,32.11,379,209.98
2/20/15,43.86,32.37,383.66,211.24
2/23/15,44.15,33.25,380.14,211.21
2/24/15,44.09,33.04,378.59,211.81
2/25/15,43.99,32.2,385.37,211.63
2/26/15,44.06,32.6,384.8,211.38
2/27/15,43.85,32.12,380.16,210.66
3/2/15,43.88,32.27,385.66,211.99
3/3/15,43.28,32.34,384.61,211.12
3/4/15,43.06,32.14,382.72,210.23
3/5/15,43.11,31.6,387.83,210.46
3/6/15,42.36,31.65,380.09,207.5
3/9/15,42.85,31.79,378.56,208.36
3/10/15,42.03,31.13,369.51,204.98
3/11/15,41.98,30.56,366.37,204.5
3/12/15,41.02,31.11,374.24,207.1
3/13/15,41.38,30.9,370.58,205.83
3/16/15,41.56,31.24,373.35,208.58
3/17/15,41.7,31.76,371.92,207.96
3/18/15,42.5,32.12,375.14,210.46
3/19/15,42.29,31.87,373.24,209.5
3/20/15,42.88,31.48,378.49,210.41
3/23/15,42.86,31.8,375.11,210
3/24/15,42.9,31.67,374.09,208.82
3/25/15,41.46,30.85,370.96,205.76
3/26/15,41.21,31.06,367.35,205.27
3/27/15,40.97,30.81,370.56,205.74
3/30/15,40.96,31.59,374.59,208.25
3/31/15,40.66,31.11,372.1,206.43
4/1/15,40.72,31.06,370.26,205.7
4/2/15,40.29,31.33,372.25,206.44
4/6/15,41.55,31.84,377.04,207.83
4/7/15,41.53,31.5,374.41,207.28
4/8/15,41.42,31.4,381.2,207.98
4/9/15,41.48,31.64,383.54,208.9
4/10/15,41.72,31.78,382.65,210.04
4/13/15,41.76,31.71,382.36,209.09
4/14/15,41.65,31.58,385.11,209.49
4/15/15,42.26,31.7,383.45,210.43
4/16/15,42.16,31.54,386.04,210.37
4/17/15,41.62,31.19,375.56,207.95
4/20/15,42.91,31.9,389.51,209.85
4/21/15,42.64,31.73,391.18,209.6
4/22/15,42.99,32.16,389.8,210.63
4/23/15,43.34,32.42,389.99,211.16
4/24/15,47.87,32.57,445.1,211.65
4/27/15,48.03,33.16,438.56,210.77
4/28/15,49.16,32.64,429.31,211.44
4/29/15,49.06,32.16,429.37,210.57
4/30/15,48.64,31.29,421.78,208.46
5/1/15,48.66,32.24,422.87,210.72
5/4/15,48.24,32.17,423.04,211.32
5/5/15,47.6,31.45,421.19,208.9
5/6/15,46.28,31.25,419.1,208.04
5/7/15,46.7,31.32,426.88,208.87
5/8/15,47.75,31.91,433.69,211.62
5/11/15,47.37,31.58,432.85,210.61
5/12/15,47.35,31.47,431.02,209.98
5/13/15,47.63,31.5,426.87,210.02
5/14/15,48.72,32.24,432.28,212.21
5/15/15,48.3,32.19,426,212.44
5/18/15,48.01,32.55,425.24,213.1
5/19/15,47.58,32.52,421.71,213.03
5/20/15,47.58,32.52,423.86,212.88
5/21/15,47.42,32.85,431.63,213.5
5/22/15,46.9,33.14,427.63,212.99
5/26/15,46.59,32.41,425.47,210.7
5/27/15,47.61,33.01,431.42,212.7
5/28/15,47.45,32.95,426.57,212.46
5/29/15,46.86,32.57,429.23,211.14
6/1/15,47.23,32.63,430.92,211.57
6/2/15,46.92,32.49,430.99,211.36
6/3/15,46.85,32.53,436.59,211.92
6/4/15,46.36,32.34,430.78,210.13
6/5/15,46.14,32.16,426.95,209.77
6/8/15,45.73,31.95,423.5,208.48
6/9/15,45.65,31.86,425.48,208.45
6/10/15,46.61,32.22,430.77,210.95
6/11/15,46.44,32.15,432.97,211.63
6/12/15,45.97,31.79,429.92,210.01
6/15/15,45.48,31.73,423.67,209.11
6/16/15,45.83,31.9,427.26,210.25
6/17/15,45.97,31.83,427.81,210.59
6/18/15,46.72,31.97,439.39,212.78
6/19/15,46.1,31.65,434.92,210.81
6/22/15,46.23,31.9,436.29,211.89
6/23/15,45.91,31.76,445.99,212.04
6/24/15,45.64,32.03,440.84,210.5
6/25/15,45.65,31.88,440.1,209.86
6/26/15,45.26,31.69,438.1,209.82
6/29/15,44.37,31.13,429.86,205.42
6/30/15,44.15,31.36,434.09,205.85
7/1/15,44.45,31.65,437.39,207.5
7/2/15,44.4,31.61,437.71,207.31
7/6/15,44.39,31.5,436.04,206.72
7/7/15,44.3,31.42,436.72,208.02
7/8/15,44.24,30.64,429.7,204.53
7/9/15,44.52,30.02,434.39,204.9
7/10/15,44.61,30.82,443.51,207.48
7/13/15,45.54,31.42,455.57,209.77
7/14/15,45.62,31.4,465.57,210.68
7/15/15,45.76,31.71,461.19,210.61
7/16/15,46.66,32.13,475.48,212.3
7/17/15,46.62,32.41,483.01,212.48
7/20/15,46.92,33.02,488.1,212.59
7/21/15,47.28,32.69,488,211.75
7/22/15,45.54,31.31,488.27,211.37
7/23/15,46.11,31.29,482.18,210.18
7/24/15,45.94,31.13,529.42,208
7/27/15,45.35,30.69,531.41,206.79
7/28/15,45.34,30.85,526.03,209.33
7/29/15,46.29,30.75,529,210.77
7/30/15,46.88,30.59,536.76,210.82
7/31/15,46.7,30.33,536.15,210.5
8/3/15,46.81,29.61,535.03,209.79
8/4/15,47.54,28.66,531.9,209.38
8/5/15,47.58,28.85,537.01,210.07
8/6/15,46.62,28.78,529.46,208.35
8/7/15,46.74,28.88,522.62,207.95
8/10/15,47.33,29.93,524,210.57
8/11/15,46.41,28.37,527.46,208.67
8/12/15,46.74,28.81,525.91,208.92
8/13/15,46.73,28.79,529.66,208.66
8/14/15,47,28.99,531.52,209.42
8/17/15,47.32,29.29,535.22,210.59
8/18/15,47.27,29.13,535.02,209.98
8/19/15,46.61,28.75,532.92,208.32
8/20/15,45.66,28.16,515.78,203.97
8/21/15,43.07,26.44,494.47,197.63
8/24/15,41.68,25.78,463.37,189.55
8/25/15,40.47,25.94,466.37,187.27
8/26/15,42.71,27.42,500.77,194.46
8/27/15,43.9,28.23,518.37,199.27
8/28/15,43.93,28.32,518.01,199.28
8/31/15,43.52,28.19,512.89,197.67
9/1/15,41.82,26.93,496.54,191.77
9/2/15,43.36,28.09,510.55,195.41
9/3/15,43.5,27.59,504.72,195.55
9/4/15,42.61,27.32,499,192.59
9/8/15,43.89,28.08,517.54,197.43
9/9/15,43.07,27.54,516.89,194.79
9/10/15,43.29,28.14,522.24,195.85
9/11/15,43.48,28.55,529.44,196.74
9/14/15,43.04,28.83,521.38,196.01
9/15/15,43.98,29.07,522.37,198.46
9/16/15,44.3,29.1,527.39,200.18
9/17/15,44.25,28.48,538.87,199.73
9/18/15,43.48,28.36,540.26,195.45
9/21/15,44.11,28.8,548.39,196.46
9/22/15,43.9,28.35,538.4,193.91
9/23/15,43.87,28.58,536.07,193.6
9/24/15,43.91,28.75,533.75,192.9
9/25/15,43.94,28.68,524.25,192.85
9/28/15,43.29,28.11,504.06,188.01
9/29/15,43.44,27.27,496.07,188.12
9/30/15,44.26,27.58,511.89,191.63
10/1/15,44.61,27.4,520.72,192.13
10/2/15,45.57,27.6,532.54,195
10/5/15,46.63,27.7,543.68,198.47
10/6/15,46.75,27.83,537.48,197.79
10/7/15,46.8,27.7,541.94,199.41
10/8/15,47.45,27.38,533.16,201.21
10/9/15,47.11,28.03,539.8,201.33
10/12/15,47,27.9,550.19,201.52
10/13/15,46.89,27.95,548.9,200.25
10/14/15,46.68,27.55,544.83,199.29
10/15/15,47.01,27.97,562.44,202.35
10/16/15,47.51,27.76,570.76,203.27
10/19/15,47.62,27.93,573.15,203.37
10/20/15,47.77,28.44,560.88,203.09
10/21/15,47.2,28.44,555.77,201.85
10/22/15,48.03,28.88,563.91,205.26
10/23/15,52.87,29.77,599.03,207.51
10/26/15,54.25,28.82,608.61,207
10/27/15,53.69,28.64,611.01,206.6
10/28/15,53.98,29.82,617.1,208.95
10/29/15,53.36,30.13,626.55,208.83
10/30/15,52.64,29.88,625.9,207.93
11/2/15,53.24,30.3,628.35,210.39
11/3/15,54.15,30.64,625.31,211
11/4/15,54.4,30.5,640.95,210.36
11/5/15,54.38,30.23,655.65,210.15
11/6/15,54.92,30.27,659.37,210.04
11/9/15,54.16,30.14,655.49,208.08
11/10/15,53.51,29.19,659.68,208.56
11/11/15,53.65,29.03,673.25,207.74
11/12/15,53.32,28.93,665.6,204.84
11/13/15,52.84,28.09,642.35,202.54
11/16/15,53.77,28.54,647.81,205.62
11/17/15,52.97,28.42,643.3,205.47
11/18/15,53.85,29.32,663.54,208.73
11/19/15,53.94,29.7,661.27,208.55
11/20/15,54.19,29.83,668.45,209.31
11/23/15,54.19,29.44,678.99,209.07
11/24/15,54.25,29.72,671.15,209.35
11/25/15,53.69,29.51,675.34,209.32
11/27/15,53.93,29.45,673.26,209.56
11/30/15,54.35,29.58,664.8,208.69
12/1/15,55.22,29.34,679.06,210.68
12/2/15,55.21,29.07,676.01,208.53
12/3/15,54.2,28.8,666.25,205.61
12/4/15,55.91,29.76,672.64,209.62
12/7/15,55.81,29.57,669.83,208.35
12/8/15,55.79,29.56,677.33,206.95
12/9/15,54.98,28.91,664.79,205.34
12/10/15,55.27,29.04,662.32,205.87
12/11/15,54.06,28.3,640.15,201.88
12/14/15,55.14,28.12,657.91,202.9
12/15/15,55.2,27.62,658.64,205.03
12/16/15,56.13,27.84,675.77,208.03
12/17/15,55.7,27.25,670.65,204.86
12/18/15,54.13,26.51,664.14,200.02
12/21/15,54.83,26.83,664.51,201.67
12/22/15,55.35,26.81,663.15,203.5
12/23/15,55.82,27.15,663.7,206.02
12/24/15,55.67,27.01,662.79,205.68
12/28/15,55.95,26.71,675.2,205.21
12/29/15,56.55,27.19,693.97,207.4
12/30/15,56.31,26.83,689.07,205.93
12/31/15,55.48,26.32,675.89,203.87
1/4/16,54.8,26.34,636.99,201.02
1/5/16,55.05,25.68,633.79,201.36
1/6/16,54.05,25.18,632.65,198.82
1/7/16,52.17,24.11,607.94,194.05
1/8/16,52.33,24.24,607.05,191.92
1/11/16,52.3,24.63,617.74,192.11
1/12/16,52.78,24.99,617.89,193.66
1/13/16,51.64,24.35,581.81,188.83
1/14/16,53.11,24.88,593,191.93
1/15/16,50.99,24.28,570.18,187.81
1/19/16,50.56,24.17,574.48,188.06
1/20/16,50.79,24.2,571.77,185.65
1/21/16,50.48,24.08,575.02,186.69
1/22/16,52.29,25.36,596.38,190.52
1/25/16,51.79,24.86,596.53,187.64
1/26/16,52.17,25,601.25,190.2
1/27/16,51.22,23.36,583.35,188.13
1/28/16,52.06,23.52,635.35,189.11
1/29/16,55.09,24.34,587,193.72
2/1/16,54.71,24.11,574.81,193.65
2/2/16,53,23.62,552.1,190.16
2/3/16,52.16,24.09,531.07,191.3
2/4/16,52,24.15,536.26,191.6
2/5/16,50.16,23.51,502.13,187.95
2/8/16,49.41,23.75,488.1,185.42
2/9/16,49.28,23.75,482.07,185.43
2/10/16,49.71,23.57,490.48,185.27
2/11/16,49.69,23.43,503.82,182.86
2/12/16,50.5,23.5,507.08,186.63
2/16/16,51.09,24.16,521.1,189.78
2/17/16,52.42,24.53,534.1,192.88
2/18/16,52.19,24.07,525,192.09
2/19/16,51.82,24.01,534.9,192
2/22/16,52.65,24.22,559.5,194.78
2/23/16,51.18,23.67,552.94,192.32
2/24/16,51.36,24.03,554.04,193.2
2/25/16,52.1,24.19,555.15,195.54
2/26/16,51.3,24.23,555.23,195.09
2/29/16,50.88,24.17,552.52,193.56
3/1/16,52.58,25.13,579.04,198.11
3/2/16,52.95,25.19,580.21,199
3/3/16,52.35,25.38,577.49,199.78
3/4/16,52.03,25.75,575.14,200.43
3/7/16,51.03,25.47,562.8,200.59
3/8/16,51.65,25.26,560.26,198.4
3/9/16,52.84,25.28,559.47,199.38
3/10/16,52.05,25.29,558.93,199.54
3/11/16,53.07,25.57,569.61,202.76
3/14/16,53.17,25.63,573.37,202.5
3/15/16,53.59,26.15,577.02,202.17
3/16/16,54.35,26.49,574.27,203.34
3/17/16,54.66,26.45,559.44,204.63
3/18/16,53.49,26.48,552.08,204.38
3/21/16,53.86,26.48,553.98,204.67
3/22/16,54.07,26.68,560.48,204.56
3/23/16,53.97,26.53,569.63,203.21
3/24/16,54.21,26.42,582.95,203.12
3/28/16,53.54,26.3,579.87,203.24
3/29/16,54.71,26.92,593.86,205.12
3/30/16,55.05,27.39,598.69,206.02
3/31/16,55.23,27.25,593.64,205.52
4/1/16,55.57,27.5,598.5,206.92
4/4/16,55.43,27.78,593.19,206.25
4/5/16,54.56,27.45,586.14,204.19
4/6/16,55.12,27.74,602.08,206.42
4/7/16,54.46,27.14,591.43,203.95
4/8/16,54.42,27.17,594.6,204.5
4/11/16,54.31,27.26,595.93,204.02
4/12/16,54.65,27.61,603.17,205.92
4/13/16,55.35,28.01,614.82,208
4/14/16,55.36,28.03,620.75,208.01
4/15/16,55.65,27.46,625.89,207.78
4/18/16,56.46,26.87,635.35,209.24
4/19/16,56.39,26.73,627.9,209.9
4/20/16,55.59,26.78,632.99,210.1
4/21/16,55.78,26.49,631,208.97
4/22/16,51.78,26.42,620.5,208.97
4/25/16,52.11,26.27,626.2,208.61
4/26/16,51.44,26.09,616.88,208.92
4/27/16,50.94,24.46,606.57,209.35
4/28/16,49.9,23.71,602,207.45
4/29/16,49.87,23.44,659.59,206.33
5/2/16,50.61,23.41,683.85,207.97
5/3/16,49.78,23.8,671.32,206.16
5/4/16,49.87,23.55,670.9,205.01
5/5/16,49.94,23.31,659.09,204.97
5/6/16,50.39,23.18,673.95,205.72
5/9/16,50.07,23.2,679.75,205.89
5/10/16,51.02,23.36,703.07,208.45
5/11/16,51.05,23.13,713.23,206.5
5/12/16,51.51,22.59,717.93,206.56
5/13/16,51.08,22.63,709.92,204.76
5/16/16,51.83,23.47,710.66,206.78
5/17/16,50.51,23.37,695.27,204.85
5/18/16,50.81,23.64,697.45,204.91
5/19/16,50.32,23.55,698.52,204.2
5/20/16,50.62,23.81,702.8,205.49
5/23/16,50.03,24.11,696.75,205.21
5/24/16,51.59,24.48,704.2,207.87
5/25/16,52.12,24.91,708.35,209.28
5/26/16,51.89,25.1,714.91,209.34
5/27/16,52.32,25.09,712.24,210.24
5/31/16,53,24.97,722.79,209.84
6/1/16,52.85,24.62,719.44,210.27
6/2/16,52.48,24.43,728.24,210.91
6/3/16,51.79,24.48,725.54,210.28
6/6/16,52.13,24.66,726.73,211.35
6/7/16,52.1,24.76,723.74,211.68
6/8/16,52.04,24.74,726.64,212.37
6/9/16,51.62,24.91,727.65,212.08
6/10/16,51.48,24.71,717.91,210.07
6/13/16,50.14,24.34,715.24,208.45
6/14/16,49.83,24.37,719.3,208.04
6/15/16,49.69,24.29,714.26,207.75
6/16/16,50.39,24.39,717.51,208.37
6/17/16,50.13,23.83,706.39,206.52
6/20/16,50.07,23.78,714.01,207.85
6/21/16,51.19,23.98,715.82,208.44
6/22/16,50.99,23.89,710.6,208.1
6/23/16,51.91,24.03,722.08,210.81
6/24/16,49.83,23.35,698.96,203.13
6/27/16,48.43,23.01,691.36,199.6
6/28/16,49.44,23.4,707.95,203.2
6/29/16,50.54,23.6,715.6,206.66
6/30/16,51.17,23.9,715.62,209.48
7/1/16,51.16,23.97,725.68,209.92
7/5/16,51.17,23.75,728.1,208.41
7/6/16,51.38,23.88,737.61,209.66
7/7/16,51.38,23.99,736.57,209.53
7/8/16,52.3,24.17,745.81,212.65
7/11/16,52.59,24.25,753.78,213.4
7/12/16,53.21,24.36,748.21,214.95
7/13/16,53.51,24.22,742.63,214.92
7/14/16,53.74,24.7,741.2,216.12
7/15/16,53.7,24.7,735.44,215.83
7/18/16,53.96,24.96,736.07,216.41
7/19/16,53.09,24.97,739.95,216.19
7/20/16,55.91,24.99,745.72,217.09
7/21/16,55.8,24.86,744.43,216.27
7/22/16,56.57,24.67,744.86,217.24
7/25/16,56.73,24.34,739.61,216.65
7/26/16,56.76,24.17,735.59,216.75
7/27/16,56.19,25.74,736.67,216.52
7/28/16,56.21,26.09,752.61,216.77
7/29/16,56.68,26.05,758.81,217.12
8/1/16,56.58,26.51,767.74,216.94
8/2/16,56.58,26.12,760.58,215.55
8/3/16,56.97,26.45,754.64,216.18
8/4/16,57.39,26.47,760.77,216.41
8/5/16,57.96,26.87,765.98,218.18
8/8/16,58.06,27.09,766.56,218.05
8/9/16,58.2,27.2,768.31,218.18
8/10/16,58.02,27,768.56,217.64
8/11/16,58.3,26.98,771.24,218.65
8/12/16,57.94,27.05,772.56,218.46
8/15/16,58.12,27.37,768.49,219.09
8/16/16,57.44,27.35,764.04,217.96
8/17/16,57.56,27.31,764.63,218.37
8/18/16,57.6,27.27,764.46,218.86
8/19/16,57.62,27.34,757.31,218.54
8/22/16,57.67,27.13,759.48,218.53
8/23/16,57.89,27.21,762.45,218.97
8/24/16,57.95,27.01,757.25,217.85
8/25/16,58.17,26.89,759.22,217.7
8/26/16,58.03,26.74,769,217.29
8/29/16,58.1,26.71,771.29,218.36
8/30/16,57.89,26.5,767.58,218
8/31/16,57.46,26.53,769.16,217.38
9/1/16,57.59,26.68,770.62,217.39
9/2/16,57.67,26.93,772.44,218.37
9/6/16,57.61,26.93,788.87,219.03
9/7/16,57.66,27.09,784.48,219.01
9/8/16,57.43,26.38,784.06,218.51
9/9/16,56.21,25.78,760.14,213.28
9/12/16,57.05,26.36,771.49,216.34
9/13/16,56.53,26.99,761.01,213.23
9/14/16,56.26,27.94,761.09,213.15
9/15/16,57.19,28.89,769.69,215.28
9/16/16,57.25,28.73,778.52,213.37
9/19/16,56.93,28.4,775.1,213.41
9/20/16,56.81,28.39,780.22,213.42
9/21/16,57.76,28.39,789.74,215.82
9/22/16,57.82,28.66,804.7,217.18
9/23/16,57.43,28.18,805.75,215.99
9/26/16,56.9,28.22,799.16,214.24
9/27/16,57.95,28.27,816.11,215.57
9/28/16,58.03,28.49,828.72,216.64
9/29/16,57.4,28.05,829.05,214.68
9/30/16,57.6,28.26,837.31,216.3
10/3/16,57.42,28.13,836.74,215.78
10/4/16,57.24,28.25,834.03,214.68
10/5/16,57.64,28.26,844.36,215.63
10/6/16,57.74,28.47,841.66,215.78
10/7/16,57.8,28.52,839.43,215.04
10/10/16,58.04,29.01,841.71,216.16
10/11/16,57.19,29.08,831,213.43
10/12/16,57.11,29.34,834.09,213.71
10/13/16,56.92,29.25,829.28,213.01
10/14/16,57.42,29.41,822.96,213.12
10/17/16,57.22,29.39,812.95,212.38
10/18/16,57.66,29.37,817.65,213.71
10/19/16,57.53,29.28,817.69,214.28
10/20/16,57.25,29.27,810.32,213.88
10/21/16,59.66,29.15,818.99,213.98
10/24/16,61,29.41,838.09,214.89
10/25/16,60.99,29.56,835.18,214.17
10/26/16,60.63,28.9,822.59,213.74
10/27/16,60.1,28.62,818.36,213.17
10/28/16,59.87,28.43,776.32,212.54
10/31/16,59.92,28.39,789.82,212.55
11/1/16,59.8,27.87,785.41,211.01
11/2/16,59.43,27.9,765.56,209.74
11/3/16,59.21,27.46,767.03,208.78
11/4/16,58.71,27.21,755.05,208.55
11/7/16,60.42,27.6,784.93,213.15
11/8/16,60.47,27.77,787.75,214.11
11/9/16,60.17,27.72,771.88,216.38
11/10/16,58.7,26.95,742.38,216.92
11/11/16,59.02,27.11,739.01,216.42
11/14/16,58.12,26.43,719.07,216.59
11/15/16,58.87,26.78,743.24,218.28
11/16/16,59.65,27.5,746.49,217.87
11/17/16,60.64,27.49,756.4,218.99
11/18/16,60.35,27.52,760.16,218.5
11/21/16,60.86,27.93,780,220.15
11/22/16,61.12,27.95,785.33,220.58
11/23/16,60.4,27.81,780.12,220.7
11/25/16,60.53,27.95,780.37,221.52
11/28/16,60.61,27.89,766.77,220.48
11/29/16,61.09,27.87,762.52,220.91
11/30/16,60.26,27.63,750.57,220.38
12/1/16,59.2,27.37,743.65,219.57
12/2/16,59.25,27.48,740.34,219.68
12/5/16,60.22,27.28,759.36,221
12/6/16,59.95,27.49,764.72,221.7
12/7/16,61.37,27.76,770.42,224.6
12/8/16,61.01,28.03,767.33,225.15
12/9/16,61.97,28.49,768.66,226.51
12/12/16,62.17,28.33,760.12,226.25
12/13/16,62.98,28.8,774.34,227.76
12/14/16,62.68,28.8,768.82,225.88
12/15/16,62.58,28.96,761,226.81
12/16/16,62.3,28.99,757.77,225.04
12/19/16,63.62,29.16,766,225.53
12/20/16,63.54,29.24,771.22,226.4
12/21/16,63.54,29.27,770.6,225.77
12/22/16,63.55,29.07,766.34,225.38
12/23/16,63.24,29.13,760.59,225.71
12/27/16,63.28,29.32,771.4,226.27
12/28/16,62.99,29.19,772.13,224.4
12/29/16,62.9,29.18,765.15,224.35
12/30/16,62.14,28.96,749.87,223.53
1/3/17,62.58,29.04,753.67,225.24
1/4/17,62.3,29.01,757.18,226.58
1/5/17,62.3,29.15,780.45,226.4
1/6/17,62.84,29.48,795.99,227.21
1/9/17,62.64,29.75,796.92,226.46
1/10/17,62.62,29.78,795.9,226.46
1/11/17,63.19,29.94,799.02,227.1
1/12/17,62.61,29.81,813.64,226.53
1/13/17,62.7,29.76,817.14,227.05
1/17/17,62.53,30,809.72,226.25
1/18/17,62.5,30,807.48,226.75
1/19/17,62.3,29.95,809.04,225.91
1/20/17,62.74,30,808.33,226.74
1/23/17,62.96,30.02,817.88,226.15
1/24/17,63.52,29.99,822.44,227.6
1/25/17,63.68,30.47,836.52,229.57
1/26/17,64.27,30.49,839.15,229.33
1/27/17,65.78,30.49,835.77,228.97
1/30/17,65.13,30.41,830.38,227.55
1/31/17,64.65,30.34,823.48,227.53
2/1/17,63.58,32.19,832.35,227.62
2/2/17,63.17,32.13,839.95,227.77
2/3/17,63.68,32.27,810.2,229.34
2/6/17,63.64,32.57,807.64,228.93
2/7/17,63.43,32.88,812.5,228.94
2/8/17,63.34,33.01,819.71,229.24
2/9/17,64.06,33.1,821.36,230.6
2/10/17,64,33.03,827.46,231.51
2/13/17,64.72,33.32,836.53,232.77
2/14/17,64.57,33.76,836.39,233.7
2/15/17,64.53,33.88,842.7,234.92
2/16/17,64.52,33.84,844.14,234.72
2/17/17,64.62,33.93,845.07,235.09
2/21/17,64.49,34.17,856.44,236.49
2/22/17,64.36,34.28,855.61,236.28
2/23/17,64.62,34.13,852.19,236.44
2/24/17,64.62,34.17,845.24,236.74
2/27/17,64.23,34.23,848.64,237.11
2/28/17,63.98,34.25,845.04,236.47
3/1/17,64.94,34.95,853.08,239.78
3/2/17,64.01,34.74,848.91,238.27
3/3/17,64.25,34.95,849.88,238.42
3/6/17,64.27,34.84,846.61,237.71
3/7/17,64.4,34.88,846.02,237
3/8/17,64.99,34.75,850.5,236.56
3/9/17,64.73,34.67,853,236.86
3/10/17,64.93,34.78,852.46,237.69
3/13/17,64.71,34.8,854.59,237.81
3/14/17,64.41,34.75,852.53,236.9
3/15/17,64.75,35.12,852.97,238.95
3/16/17,64.64,35.17,853.42,238.48
3/17/17,64.87,35,852.31,237.03
3/20/17,64.93,35.37,856.97,236.77
3/21/17,64.21,34.96,843.2,233.73
3/22/17,65.03,35.35,848.06,234.28
3/23/17,64.87,35.23,847.38,234.03
3/24/17,64.98,35.16,845.61,233.86
3/27/17,65.1,35.22,846.82,233.62
3/28/17,65.29,35.95,856,235.32
3/29/17,65.47,36.03,874.32,235.54
3/30/17,65.71,35.98,876.34,236.29
3/31/17,65.86,35.92,886.54,235.74
4/3/17,65.55,35.92,891.51,235.33
4/4/17,65.73,36.19,906.83,235.48
4/5/17,65.56,36.01,909.28,234.78
4/6/17,65.73,35.92,898.28,235.44
4/7/17,65.68,35.84,894.88,235.2
4/10/17,65.53,35.79,907.04,235.34
4/11/17,65.48,35.41,902.36,235.06
4/12/17,65.23,35.45,896.23,234.03
4/13/17,64.95,35.26,884.67,232.51
4/17/17,65.48,35.46,901.99,234.57
4/18/17,65.39,35.3,903.78,233.87
4/19/17,65.04,35.17,899.2,233.44
4/20/17,65.5,35.61,902.06,235.34
4/21/17,66.4,35.57,898.53,234.59
4/24/17,67.53,35.91,907.41,237.17
4/25/17,67.92,36.13,907.62,238.55
4/26/17,67.83,35.92,909.29,238.4
4/27/17,68.27,35.95,918.38,238.6
4/28/17,68.46,35.91,924.99,238.08
5/1/17,69.41,36.65,948.23,238.68
5/2/17,69.3,36.88,946.94,238.77
5/3/17,69.08,36.77,941.03,238.48
5/4/17,68.81,36.63,937.53,238.76
5/5/17,69,37.24,934.15,239.7
5/8/17,68.94,38.25,949.04,239.66
5/9/17,69.04,38.5,952.82,239.44
5/10/17,69.31,38.32,948.95,239.87
5/11/17,68.46,38.49,947.62,239.38
5/12/17,68.38,39.03,961.35,238.98
5/15/17,68.43,38.92,957.97,240.3
5/16/17,69.41,38.87,966.07,240.08
5/17/17,67.48,37.56,944.76,235.82
5/18/17,67.71,38.14,958.49,236.77
5/19/17,67.69,38.27,959.84,238.31
5/22/17,68.45,38.5,970.67,239.52
5/23/17,68.68,38.45,971.54,240.05
5/24/17,68.77,38.34,980.35,240.61
5/25/17,69.62,38.47,993.38,241.76
5/26/17,69.96,38.4,995.78,241.71
5/30/17,70.41,38.42,996.7,241.5
5/31/17,69.84,38.19,994.62,241.44
6/1/17,70.1,38.3,995.95,243.36
6/2/17,71.76,38.86,1006.73,244.17
6/5/17,72.28,38.48,1011.34,243.99
6/6/17,72.52,38.61,1003,243.21
6/7/17,72.39,38.84,1010.07,243.66
6/8/17,71.95,38.75,1010.27,243.78
6/9/17,70.32,37.24,978.31,243.41
6/12/17,69.78,36.35,964.91,243.36
6/13/17,70.65,36.65,980.79,244.55
6/14/17,70.27,36.29,976.47,244.24
6/15/17,69.9,36.07,964.17,243.77
6/16/17,70,35.57,987.71,242.64
6/19/17,70.87,36.59,995.17,244.66
6/20/17,69.91,36.25,992.59,243.01
6/21/17,70.27,36.47,1002.23,242.95
6/22/17,70.26,36.41,1001.3,242.84
6/23/17,71.21,36.57,1003.74,243.13
6/26/17,70.53,36.46,993.98,243.29
6/27/17,69.21,35.93,976.78,241.33
6/28/17,69.8,36.46,990.33,243.49
6/29/17,68.49,35.92,975.93,241.35
6/30/17,68.93,36.01,968,241.8
7/3/17,68.17,35.88,953.66,242.21
7/5/17,69.08,36.02,971.4,242.77
7/6/17,68.57,35.68,965.14,240.55
7/7/17,69.46,36.05,978.76,242.11
7/10/17,69.98,36.27,996.47,242.37
7/11/17,69.99,36.38,994.13,242.19
7/12/17,71.15,36.44,1006.51,244.01
7/13/17,71.77,36.94,1000.63,244.42
7/14/17,72.78,37.26,1001.81,245.56
7/17/17,73.35,37.39,1010.04,245.53
7/18/17,73.3,37.52,1024.45,245.66
7/19/17,73.86,37.76,1026.87,246.99
7/20/17,74.22,37.59,1028.7,247.1
7/21/17,73.79,37.57,1025.67,246.88
7/24/17,73.6,38.02,1038.95,246.82
7/25/17,74.19,38.19,1039.87,247.42
7/26/17,74.05,38.37,1052.8,247.43
7/27/17,73.16,37.64,1046,247.2
7/28/17,73.04,37.38,1020.04,246.91
7/31/17,72.7,37.18,987.78,246.77
8/1/17,72.58,37.51,996.19,247.32
8/2/17,72.26,39.28,995.89,247.44
8/3/17,72.15,38.89,986.92,246.96
8/4/17,72.68,39.1,987.58,247.41
8/7/17,72.4,39.7,992.27,247.87
8/8/17,72.79,40.02,989.84,247.26
8/9/17,72.47,40.27,982.01,247.25
8/10/17,71.41,38.83,956.92,243.76
8/11/17,72.5,39.37,967.99,244.12
8/14/17,73.59,39.96,983.3,246.54
8/15/17,73.22,40.4,982.74,246.51
8/16/17,73.65,40.24,978.18,246.94
8/17/17,72.4,39.47,960.57,243.09
8/18/17,72.49,39.38,958.47,242.71
8/21/17,72.15,39.3,953.29,242.9
8/22/17,73.16,39.95,966.9,245.44
8/23/17,72.72,39.99,958,244.56
8/24/17,72.69,39.82,952.45,243.99
8/25/17,72.82,39.97,945.26,244.56
8/28/17,72.83,40.37,946.02,244.57
8/29/17,73.05,40.73,954.06,244.85
8/30/17,74.01,40.84,967.59,246.01
8/31/17,74.77,41,980.6,247.49
9/1/17,73.94,41.01,978.25,247.84
9/5/17,73.61,40.52,965.27,246.06
9/6/17,73.4,40.48,967.8,246.9
9/7/17,74.34,40.32,979.47,246.87
9/8/17,73.98,39.66,965.9,246.58
9/11/17,74.76,40.38,977.96,249.21
9/12/17,74.68,40.22,982.58,250.05
9/13/17,75.21,39.91,999.6,250.17
9/14/17,74.77,39.57,992.21,250.09
9/15/17,75.31,39.97,986.79,249.19
9/18/17,75.16,39.67,974.19,249.72
9/19/17,75.44,39.68,969.86,249.97
9/20/17,74.94,39.02,973.21,250.06
9/21/17,74.21,38.35,964.65,249.39
9/22/17,74.41,37.97,955.1,249.44
9/25/17,73.26,37.64,939.79,248.93
9/26/17,73.26,38.28,938.6,249.08
9/27/17,73.85,38.56,950.87,250.05
9/28/17,73.87,38.32,956.4,250.35
9/29/17,74.49,38.53,961.35,251.23
10/2/17,74.61,38.45,959.19,252.32
10/3/17,74.26,38.62,957.1,252.86
10/4/17,74.69,38.37,965.45,253.16
10/5/17,75.97,38.85,980.85,254.66
10/6/17,76,38.83,989.58,254.37
10/9/17,76.29,38.96,990.99,253.95
10/10/17,76.29,38.98,987.2,254.62
10/11/17,76.42,39.14,995,255.02
10/12/17,77.12,39,1000.93,254.64
10/13/17,77.49,39.25,1002.94,254.95
10/16/17,77.65,39.97,1006.34,255.29
10/17/17,77.59,40.12,1009.13,255.47
10/18/17,77.61,39.94,997,255.72
10/19/17,77.91,38.99,986.61,255.79
10/20/17,78.81,39.06,982.91,257.11
10/23/17,78.83,39.04,966.3,256.11
10/24/17,78.86,39.28,975.9,256.56
10/25/17,78.63,39.1,972.91,255.29
10/26/17,78.76,39.35,972.43,255.62
10/27/17,83.81,40.76,1100.95,257.71
10/30/17,83.89,41.68,1110.85,256.75
10/31/17,83.18,42.26,1105.28,257.15
11/1/17,83.18,41.72,1103.68,257.49
11/2/17,84.05,42.03,1094.22,257.59
11/3/17,84.14,43.13,1111.6,258.45
11/6/17,84.47,43.56,1120.66,258.85
11/7/17,84.27,43.7,1123.17,258.67
11/8/17,84.56,44.06,1132.88,259.11
11/9/17,84.09,43.97,1129.13,258.17
11/10/17,83.87,43.67,1125.35,258.09
11/13/17,83.93,43.49,1129.17,258.33
11/14/17,84.05,42.84,1136.84,257.73
11/15/17,82.98,42.27,1126.69,256.44
11/16/17,83.2,42.78,1137.29,258.62
11/17/17,82.4,42.54,1129.88,257.86
11/20/17,82.53,42.5,1126.31,258.3
11/21/17,83.72,43.29,1139.49,259.99
11/22/17,83.11,43.74,1156.16,259.76
11/24/17,83.26,43.74,1186,260.36
11/27/17,83.87,43.52,1195.83,260.23
11/28/17,84.88,43.27,1193.6,262.87
11/29/17,83.34,42.37,1161.27,262.71
11/30/17,84.17,42.96,1176.75,265.01
12/1/17,84.26,42.76,1162.35,264.46
12/4/17,81.08,42.45,1133.95,264.14
12/5/17,81.59,42.41,1141.57,263.19
12/6/17,82.78,42.25,1152.35,263.24
12/7/17,82.49,42.33,1159.79,264.07
12/8/17,84.16,42.34,1162,265.51
12/11/17,85.23,43.17,1168.92,266.31
12/12/17,85.58,42.93,1165.08,266.78
12/13/17,85.35,43.07,1164.13,266.75
12/14/17,84.69,43.06,1174.26,265.66
12/15/17,86.85,43.49,1179.14,266.51
12/18/17,86.38,44.11,1190.58,268.2
12/19/17,85.83,43.64,1187.38,267.17
12/20/17,85.52,43.59,1177.62,267.03
12/21/17,85.5,43.75,1174.76,267.58
12/22/17,85.51,43.75,1168.36,267.51
12/26/17,85.4,42.64,1176.76,267.19
12/27/17,85.71,42.65,1182.26,267.32
12/28/17,85.72,42.77,1186.1,267.87
12/29/17,85.54,42.31,1169.47,266.86
1/2/18,85.95,43.07,1189.01,268.77
1/3/18,86.35,43.06,1204.2,270.47
1/4/18,87.11,43.26,1209.59,271.61
1/5/18,88.19,43.75,1229.14,273.42
1/8/18,88.28,43.59,1246.87,273.92
1/9/18,88.22,43.58,1252.7,274.54
1/10/18,87.82,43.57,1254.33,274.12
1/11/18,88.08,43.82,1276.68,276.12
1/12/18,89.6,44.27,1305.2,277.92
1/16/18,88.35,44.05,1304.86,276.97
1/17/18,90.14,44.78,1295,279.61
1/18/18,90.1,44.82,1293.32,279.14
1/19/18,90,44.62,1294.58,280.41
1/22/18,91.61,44.25,1327.31,282.69
1/23/18,91.9,44.26,1362.54,283.29
1/24/18,91.82,43.56,1357.51,283.18
1/25/18,92.33,42.78,1377.95,283.3
1/26/18,94.06,42.88,1402.05,286.58
1/29/18,93.92,41.99,1417.68,284.68
1/30/18,92.74,41.74,1437.82,281.76
1/31/18,95.01,41.86,1450.89,281.9
2/1/18,94.26,41.95,1390,281.58
2/2/18,91.78,40.13,1429.95,275.45
2/5/18,88,39.12,1390,263.93
2/6/18,91.33,40.76,1442.84,269.13
2/7/18,89.61,39.89,1416.78,267.67
2/8/18,85.01,38.79,1350.5,257.63
2/9/18,88.18,39.1,1339.6,261.5
2/12/18,89.13,40.68,1386.23,265.34
2/13/18,89.83,41.09,1414.51,266
2/14/18,90.81,41.84,1451.05,269.59
2/15/18,92.66,43.25,1461.76,273.03
2/16/18,92,43.11,1448.69,273.11
2/20/18,92.72,42.96,1468.35,271.4
2/21/18,91.49,42.77,1482.92,270.05
2/22/18,91.73,43.13,1485.34,270.4
2/23/18,94.06,43.88,1500,274.71
2/26/18,95.42,44.74,1521.95,277.9
2/27/18,94.2,44.6,1511.98,274.43
2/28/18,93.77,44.53,1512.45,271.65
3/1/18,92.85,43.75,1493.45,267.7
3/2/18,93.05,44.05,1500.25,269.08
3/5/18,93.64,44.21,1523.61,272.19
3/6/18,93.32,44.17,1537.64,272.88
3/7/18,93.86,43.76,1545,272.78
3/8/18,94.43,44.24,1551.86,274.1
3/9/18,96.54,45,1578.89,278.87
3/12/18,96.77,45.43,1598.39,278.52
3/13/18,94.41,44.99,1588.18,276.72
3/14/18,93.85,44.61,1591,275.3
3/15/18,94.18,44.66,1582.32,275
3/16/18,94.6,44.51,1571.68,274.2
3/19/18,92.89,43.83,1544.93,270.49
3/20/18,93.13,43.81,1586.51,270.95
3/21/18,92.48,42.82,1581.86,270.43
3/22/18,89.79,42.21,1544.92,263.67
3/23/18,87.18,41.24,1495.56,258.05
3/26/18,93.78,43.19,1555.86,265.11
3/27/18,89.47,42.09,1497.05,260.6
3/28/18,89.39,41.62,1431.42,259.83
3/29/18,91.27,41.95,1447.34,263.15
4/2/18,88.52,41.67,1371.99,257.47
4/3/18,89.71,42.1,1392.05,260.77
4/4/18,92.33,42.9,1410.57,263.56
4/5/18,92.38,43.2,1451.75,265.64
4/6/18,90.23,42.1,1405.23,259.72
4/9/18,90.77,42.51,1406.08,261
4/10/18,92.88,43.31,1436.22,265.15
4/11/18,91.86,43.11,1427.05,263.76
4/12/18,93.58,43.54,1448.5,265.93
4/13/18,93.08,43.68,1430.79,265.15
4/16/18,94.17,43.96,1441.5,267.33
4/17/18,96.07,44.56,1503.83,270.19
4/18/18,96.44,44.46,1527.84,270.39
4/19/18,96.11,43.2,1556.91,268.89
4/20/18,95,41.43,1527.49,266.61
4/23/18,95.35,41.31,1517.86,266.57
4/24/18,93.12,40.74,1460.09,262.98
4/25/18,92.31,40.91,1460.17,263.63
4/26/18,94.26,41.06,1517.96,266.31
4/27/18,95.82,40.58,1572.62,266.56
4/30/18,93.52,41.32,1566.13,264.51
5/1/18,95,42.28,1582.26,264.98
5/2/18,93.51,44.14,1569.68,263.2
5/3/18,94.07,44.22,1572.08,262.62
5/4/18,95.16,45.96,1580.95,266.02
5/7/18,96.22,46.29,1600.14,266.92
5/8/18,95.81,46.51,1592.39,266.92
5/9/18,96.94,46.84,1608,269.5
5/10/18,97.91,47.51,1609.08,272.02
5/11/18,97.7,47.15,1602.91,272.85
5/14/18,98.03,47.04,1601.54,272.98
5/15/18,97.32,46.61,1576.12,271.1
5/16/18,97.15,47.05,1587.28,272.24
5/17/18,96.18,46.75,1581.76,272.01
5/18/18,96.36,46.58,1574.37,271.33
5/21/18,97.6,46.91,1585.46,273.37
5/22/18,97.5,46.79,1581.4,272.61
5/23/18,98.66,47.09,1601.86,273.36
5/24/18,98.31,47.04,1603.07,272.8
5/25/18,98.36,47.15,1610.15,272.15
5/29/18,98.01,46.98,1612.87,269.02
5/30/18,98.95,46.88,1624.89,272.61
5/31/18,98.84,46.88,1629.62,270.94
6/1/18,100.79,47.56,1641.54,273.6
6/4/18,101.67,47.96,1665.27,274.9
6/5/18,102.19,48.33,1696.35,275.1
6/6/18,102.49,48.5,1695.75,277.4
6/7/18,100.88,48.37,1689.3,277.37
6/8/18,101.63,47.93,1683.99,278.19
6/11/18,101.05,47.81,1689.12,278.56
6/12/18,101.31,48.07,1698.75,278.92
6/13/18,100.85,47.68,1704.86,278.03
6/14/18,101.42,47.7,1723.86,278.73
6/15/18,100.13,47.21,1715.97,277.13
6/18/18,100.86,47.19,1723.79,276.56
6/19/18,100.86,46.42,1734.78,275.5
6/20/18,101.87,46.63,1750.08,275.97
6/21/18,101.14,46.37,1730.22,274.24
6/22/18,100.41,46.23,1715.67,274.74
6/25/18,98.39,45.54,1663.15,271
6/26/18,99.08,46.11,1691.09,271.6
6/27/18,97.54,46.04,1660.51,269.35
6/28/18,98.63,46.38,1701.45,270.89
6/29/18,98.61,46.28,1699.8,271.28
7/2/18,100.01,46.8,1713.78,271.86
7/3/18,99.05,45.98,1693.96,270.9
7/5/18,99.76,46.35,1699.73,273.11
7/6/18,101.16,46.99,1710.63,275.42
7/9/18,101.85,47.65,1739.02,277.9
7/10/18,102.12,47.59,1743.07,278.9
7/11/18,101.98,46.97,1755,276.86
7/12/18,104.19,47.76,1796.62,279.37
7/13/18,105.43,47.83,1813.03,279.59
7/16/18,104.91,47.73,1822.49,279.34
7/17/18,105.95,47.86,1843.93,280.47
7/18/18,105.12,47.6,1842.92,281.06
7/19/18,104.4,47.97,1812.97,280
7/20/18,106.27,47.86,1813.7,279.68
7/23/18,107.97,47.86,1802,280.2
7/24/18,107.66,48.25,1829.24,281.61
7/25/18,110.83,48.71,1863.61,284.01
7/26/18,109.62,48.55,1808,283.34
7/27/18,107.68,47.75,1817.27,281.42
7/30/18,105.37,47.48,1779.22,279.95
7/31/18,106.08,47.57,1777.44,281.33
8/1/18,106.28,50.38,1797.17,280.86
8/2/18,107.57,51.85,1834.33,282.39
8/3/18,108.04,52,1823.29,283.6
8/6/18,108.13,52.27,1847.75,284.64
8/7/18,108.88,51.78,1862.48,285.58
8/8/18,109.49,51.81,1886.52,285.46
8/9/18,109.67,52.22,1898.52,285.07
8/10/18,109,51.88,1886.3,283.16
8/13/18,108.21,52.22,1896.2,282.1
8/14/18,109.56,52.44,1919.65,283.9
8/15/18,107.66,52.56,1882.62,281.78
8/16/18,107.64,53.33,1886.52,284.06
8/17/18,107.58,54.4,1882.22,285.06
8/20/18,106.87,53.87,1876.71,285.67
8/21/18,105.98,53.76,1883.42,286.34
8/22/18,107.06,53.76,1904.9,286.17
8/23/18,107.56,53.87,1902.9,285.79
8/24/18,108.4,54.04,1905.39,287.51
8/27/18,109.6,54.49,1927.68,289.78
8/28/18,110.26,54.93,1932.82,289.92
8/29/18,112.02,55.75,1998.1,291.48
8/30/18,111.95,56.26,2002.38,290.3
8/31/18,112.33,56.91,2012.71,290.31
9/4/18,111.71,57.09,2039.51,289.81
9/5/18,108.49,56.72,1994.82,289.03
9/6/18,108.74,55.78,1958.31,288.16
9/7/18,108.21,55.33,1952.07,287.6
9/10/18,109.38,54.58,1939.01,288.1
9/11/18,111.24,55.96,1987.15,289.05
9/12/18,111.71,55.27,1990,289.12
9/13/18,112.91,56.6,1989.87,290.83
9/14/18,113.37,55.96,1970.19,290.88
9/17/18,112.14,54.47,1908.03,289.34
9/18/18,113.21,54.56,1941.05,290.91
9/19/18,111.7,54.59,1926.42,291.22
9/20/18,113.57,55.01,1944.3,293.58
9/21/18,114.26,54.42,1915.01,291.99
9/24/18,114.67,55.2,1934.36,291.02
9/25/18,114.45,55.55,1974.55,290.75
9/26/18,113.98,55.11,1974.85,289.88
9/27/18,114.41,56.24,2012.98,290.69
9/28/18,114.37,56.44,2003,290.72
10/1/18,115.61,56.82,2004.36,291.73
10/2/18,115.15,57.32,1971.31,291.56
10/3/18,115.17,58.02,1952.76,291.72
10/4/18,112.79,57,1909.42,289.44
10/5/18,112.13,56.07,1889.65,287.82
10/8/18,110.85,55.94,1864.42,287.82
10/9/18,112.26,56.72,1870.32,287.4
10/10/18,106.16,54.09,1755.25,278.3
10/11/18,105.91,53.61,1719.36,272.17
10/12/18,109.57,55.53,1788.61,275.95
10/15/18,107.6,54.34,1760.95,274.4
10/16/18,111,55.54,1819.96,280.4
10/17/18,110.71,55.3,1831.73,280.45
10/18/18,108.5,54.01,1770.72,276.4
10/19/18,108.66,54.83,1764.03,276.25
10/22/18,109.63,55.16,1789.3,275.01
10/23/18,108.1,55.68,1768.7,273.61
10/24/18,102.32,53.77,1664.2,265.32
10/25/18,108.3,54.95,1782.17,270.08
10/26/18,106.96,54.08,1642.81,265.33
10/29/18,103.85,53.06,1538.88,263.86
10/30/18,103.73,53.33,1530.42,267.77
10/31/18,106.81,54.72,1598.01,270.63
11/1/18,105.92,55.56,1665.53,273.51
11/2/18,106.16,51.87,1665.53,271.89
11/5/18,107.51,50.4,1627.8,273.39
11/6/18,107.72,50.94,1642.81,275.12
11/7/18,111.96,52.49,1755.49,281.01
11/8/18,111.75,52.12,1754.91,280.5
11/9/18,109.57,51.12,1712.43,277.76
11/12/18,106.87,48.54,1636.85,272.57
11/13/18,106.94,48.06,1631.17,272.06
11/14/18,104.97,46.7,1599.01,270.2
11/15/18,107.28,47.85,1619.44,273.02
11/16/18,108.29,48.38,1593.41,273.73
11/19/18,104.62,46.47,1512.29,269.1
11/20/18,101.71,44.25,1495.46,264.12
11/21/18,103.11,44.2,1516.73,265.02
11/23/18,103.07,43.07,1502.06,263.25
11/26/18,106.47,43.66,1581.33,267.5
11/27/18,107.14,43.56,1581.42,268.4
11/28/18,111.12,45.24,1677.75,274.58
11/29/18,110.19,44.89,1673.57,273.98
11/30/18,110.89,44.65,1690.17,275.65
12/3/18,112.09,46.21,1772.36,279.3
12/4/18,108.52,44.17,1668.4,270.25
12/6/18,109.19,43.68,1699.19,269.84
12/7/18,104.82,42.12,1629.13,263.57
12/10/18,107.59,42.4,1641.03,264.07
12/11/18,108.59,42.16,1643.24,264.13
12/12/18,109.08,42.28,1663.54,265.46
12/13/18,109.45,42.74,1658.38,265.37
12/14/18,106.03,41.37,1591.91,260.47
12/17/18,102.89,40.99,1520.91,255.36
12/18/18,103.97,41.52,1551.48,255.08
12/19/18,103.69,40.22,1495.08,251.26
12/20/18,101.51,39.21,1460.83,247.17
12/21/18,98.23,37.68,1377.45,240.7
12/24/18,94.13,36.71,1343.96,234.34
12/26/18,100.56,39.29,1470.9,246.18
12/27/18,101.18,39.04,1461.64,248.07
12/28/18,100.39,39.06,1478.02,247.75
12/31/18,101.57,39.44,1501.97,249.92
1/2/19,101.12,39.48,1539.13,250.18
1/3/19,97.4,35.55,1500.28,244.21
1/4/19,101.93,37.07,1575.39,252.39
1/7/19,102.06,36.98,1629.51,254.38
1/8/19,102.8,37.69,1656.58,256.77
1/9/19,104.27,38.33,1659.42,257.97
1/10/19,103.6,38.45,1656.22,258.88
1/11/19,102.8,38.07,1640.56,258.98
1/14/19,102.05,37.5,1617.21,257.4
1/15/19,105.01,38.27,1674.56,260.35
1/16/19,105.38,38.74,1683.78,260.98
1/17/19,106.12,38.97,1693.22,262.96
1/18/19,107.71,39.21,1696.2,266.46
1/22/19,105.68,38.33,1632.17,262.86
1/23/19,106.71,38.48,1640.02,263.41
1/24/19,106.2,38.17,1654.93,263.55
1/25/19,107.17,39.44,1670.57,265.78
1/28/19,105.08,39.08,1637.89,263.76
1/29/19,102.94,38.67,1593.88,263.41
1/30/19,106.38,41.31,1670.43,267.58
1/31/19,104.43,41.61,1718.73,269.93
2/1/19,102.78,41.63,1626.23,270.06
2/4/19,105.74,42.81,1633.31,271.96
2/5/19,107.22,43.55,1658.81,273.1
2/6/19,106.03,43.56,1640.26,272.74
2/7/19,105.27,42.74,1614.37,270.14
2/8/19,105.67,42.6,1588.22,270.47
2/11/19,105.25,42.36,1591,270.62
2/12/19,106.89,42.72,1638.01,274.1
2/13/19,106.81,42.55,1640,274.99
2/14/19,106.9,42.7,1622.65,274.38
2/15/19,108.22,42.61,1607.95,277.37
2/19/19,108.17,42.73,1627.58,277.85
2/20/19,107.15,43.01,1622.1,278.41
2/21/19,109.41,42.77,1619.44,277.42
2/22/19,110.97,43.24,1631.56,279.14
2/25/19,111.59,43.56,1633,279.52
2/26/19,112.36,43.58,1636.4,279.32
2/27/19,112.17,43.72,1641.09,279.2
2/28/19,112.03,43.29,1639.83,278.68
3/1/19,112.53,43.74,1671.73,280.42
3/4/19,112.26,43.96,1696.17,279.4
3/5/19,111.7,43.88,1692.43,279.02
3/6/19,111.75,43.63,1668.95,277.33
3/7/19,110.39,43.13,1625.95,275.01
3/8/19,110.51,43.23,1620.8,274.46
3/11/19,112.83,44.73,1670.62,278.44
3/12/19,113.62,45.23,1673.1,279.49
3/13/19,114.5,45.43,1690.81,281.34
3/14/19,114.59,45.93,1686.22,281.16
3/15/19,115.91,46.53,1712.36,281.31
3/18/19,117.57,47.01,1742.15,282.33
3/19/19,117.65,46.63,1761.85,282.4
3/20/19,117.52,47.04,1797.27,281.55
3/21/19,120.22,48.77,1819.26,284.73
3/22/19,117.05,47.76,1764.77,279.25
3/25/19,117.66,47.19,1774.26,279.04
3/26/19,117.91,46.7,1783.76,281.12
3/27/19,116.77,47.12,1765.7,279.65
3/28/19,116.93,47.18,1773.42,280.71
3/29/19,117.94,47.49,1780.75,282.48
4/1/19,119.02,47.81,1814.19,285.83
4/2/19,119.19,48.51,1813.98,285.97
4/3/19,119.97,48.84,1820.7,286.42
4/4/19,119.36,48.92,1818.86,287.18
4/5/19,119.89,49.25,1837.28,288.57
4/8/19,119.93,50.03,1849.86,288.79
4/9/19,119.28,49.88,1835.84,287.31
4/10/19,120.19,50.16,1847.33,288.29
4/11/19,120.33,49.74,1844.07,288.21
4/12/19,120.95,49.72,1843.06,290.16
4/15/19,121.05,49.81,1844.87,289.97
4/16/19,120.77,49.81,1863.04,290.16
4/17/19,121.77,50.78,1864.82,289.45
4/18/19,123.37,50.97,1861.69,290.02
4/22/19,123.76,51.13,1887.31,290.27
4/23/19,125.44,51.87,1923.77,292.88
4/24/19,125.01,51.79,1901.75,292.23
4/25/19,129.15,51.32,1902.25,292.05
4/26/19,129.89,51.08,1950.63,293.41
4/29/19,129.77,51.15,1938.43,293.87
4/30/19,130.6,50.17,1926.52,294.02
5/1/19,127.88,52.63,1911.52,291.81
5/2/19,126.21,52.29,1900.82,291.18
5/3/19,128.9,52.94,1962.46,294.03
5/6/19,128.15,52.12,1950.55,292.82
5/7/19,125.52,50.72,1921,287.93
5/8/19,125.51,50.73,1917.77,287.53
5/9/19,125.5,50.18,1899.87,286.66
5/10/19,127.13,49.3,1889.98,288.1
5/13/19,123.35,46.43,1822.68,280.86
5/14/19,124.73,47.17,1840.12,283.4
5/15/19,126.02,47.73,1871.15,285.06
5/16/19,128.93,47.52,1907.57,287.7
5/17/19,128.07,47.25,1869,285.84
5/20/19,126.22,45.77,1858.97,283.95
5/21/19,126.9,46.65,1857.52,286.51
5/22/19,127.67,45.7,1859.68,285.63
5/23/19,126.18,44.92,1815.48,282.14
5/24/19,126.24,44.74,1823.28,282.78
5/28/19,126.16,44.56,1836.43,280.15
5/29/19,124.94,44.35,1819.19,278.27
5/30/19,125.73,44.58,1816.32,279.03
5/31/19,123.68,43.77,1775.07,275.27
6/3/19,119.84,43.33,1692.69,274.57
6/4/19,123.16,44.91,1729.56,280.53
6/5/19,125.83,45.64,1738.5,282.96
6/6/19,127.82,46.31,1754.36,284.8
6/7/19,131.4,47.54,1804.03,287.65
6/10/19,132.6,48.15,1860.63,288.97
6/11/19,132.1,48.7,1863.7,288.9
6/12/19,131.49,48.55,1855.32,288.39
6/13/19,132.32,48.54,1870.3,289.58
6/14/19,132.45,48.19,1869.67,289.26
6/17/19,132.85,48.47,1886.03,289.37
6/18/19,135.16,49.61,1901.37,292.4
6/19/19,135.69,49.47,1908.79,293.06
6/20/19,136.95,49.87,1918.19,295.86
6/21/19,136.97,49.7,1911.3,294
6/24/19,137.78,49.65,1913.9,293.64
6/25/19,133.43,48.89,1878.27,290.76
6/26/19,133.93,49.95,1897.83,290.47
6/27/19,134.15,49.94,1904.28,291.5
6/28/19,133.96,49.48,1893.63,293
7/1/19,135.68,50.39,1922.19,295.66
7/2/19,136.58,50.68,1934.31,296.43
7/3/19,137.46,51.1,1939,298.8
7/5/19,137.06,51.06,1942.91,298.46
7/8/19,136.96,50.01,1952.32,296.82
7/9/19,136.46,50.31,1988.3,297.19
7/10/19,137.85,50.81,2017.41,298.61
7/11/19,138.4,50.44,2001.07,299.31
7/12/19,138.9,50.83,2011,300.65
7/15/19,138.9,51.3,2020.99,300.75
7/16/19,137.08,51.13,2009.9,299.71
7/17/19,136.27,50.84,1992.03,297.74
7/18/19,136.42,51.42,1977.9,298.83
7/19/19,136.62,50.65,1964.52,297.17
7/22/19,138.43,51.81,1985.63,297.9
7/23/19,139.29,52.21,1994.49,300.03
7/24/19,140.72,52.17,2000.81,301.44
7/25/19,140.19,51.76,1973.82,300
7/26/19,141.34,51.94,1943.05,302.01
7/29/19,141.03,52.42,1912.45,301.46
7/30/19,140.35,52.2,1898.53,300.72
7/31/19,136.27,53.26,1866.78,297.43
8/1/19,138.06,52.11,1855.32,294.84
8/2/19,136.9,51.01,1823.24,292.62
8/5/19,132.21,48.34,1765.13,283.82
8/6/19,134.69,49.25,1787.83,287.8
8/7/19,135.28,49.76,1793.4,287.97
8/8/19,138.89,50.86,1832.89,293.62
8/9/19,137.71,50.25,1807.58,291.62
8/12/19,135.79,50.12,1784.92,288.07
8/13/19,138.6,52.24,1824.34,292.55
8/14/19,133.98,50.69,1762.96,283.9
8/15/19,133.68,50.44,1776.12,284.65
8/16/19,136.13,51.63,1792.57,288.85
8/19/19,138.41,52.59,1816.12,292.33
8/20/19,137.26,52.59,1801.38,290.09
8/21/19,138.79,53.16,1823.54,292.45
8/22/19,137.78,53.12,1805.6,292.36
8/23/19,133.39,50.66,1749.62,284.85
8/26/19,135.45,51.62,1768.87,288
8/27/19,135.74,51.04,1761.83,286.87
8/28/19,135.56,51.38,1764.25,288.89
8/29/19,138.12,52.25,1786.4,292.58
8/30/19,137.86,52.19,1776.29,292.45
9/3/19,136.04,51.43,1789.84,290.74
9/4/19,137.63,52.3,1800.62,294.04
9/5/19,140.05,53.32,1840.72,297.82
9/6/19,139.1,53.32,1833.51,298.05
9/9/19,137.52,53.54,1831.35,298.2
9/10/19,136.08,54.18,1820.55,298.13
9/11/19,136.12,55.9,1822.99,300.25
9/12/19,137.52,55.77,1843.55,301.29
9/13/19,137.32,54.69,1839.34,301.09
9/16/19,136.33,54.98,1807.84,300.16
9/17/19,137.39,55.18,1822.55,300.92
9/18/19,138.52,55.69,1817.46,301.1
9/19/19,141.07,55.24,1821.5,301.08
9/20/19,139.44,54.43,1794.16,298.28
9/23/19,139.14,54.68,1785.3,298.21
9/24/19,137.38,54.42,1741.61,295.87
9/25/19,139.36,55.26,1768.33,297.62
9/26/19,139.54,54.97,1739.84,297
9/27/19,137.73,54.71,1725.45,295.4
9/30/19,139.03,55.99,1735.91,296.77
10/1/19,137.07,56.15,1735.65,293.24
10/2/19,134.65,54.74,1713.23,288.06
10/3/19,136.28,55.21,1724.42,290.42
10/4/19,138.12,56.75,1739.65,294.35
10/7/19,137.12,56.77,1732.66,293.08
10/8/19,135.67,56.1,1705.51,288.53
10/9/19,138.24,56.76,1721.99,291.27
10/10/19,139.1,57.52,1720.26,293.24
10/11/19,139.68,59.05,1731.92,296.28
10/14/19,139.55,58.97,1736.43,295.95
10/15/19,141.57,58.83,1767.38,298.88
10/16/19,140.41,58.59,1777.43,298.4
10/17/19,139.69,58.82,1787.48,299.28
10/18/19,137.41,59.1,1757.51,297.97
10/21/19,138.43,60.13,1785.66,299.99
10/22/19,136.37,59.99,1765.73,299.01
10/23/19,137.24,60.8,1762.17,299.88
10/24/19,139.94,60.9,1780.78,300.37
10/25/19,140.73,61.65,1761.33,301.6
10/28/19,144.19,62.26,1777.08,303.3
10/29/19,142.83,60.82,1762.71,303.21
10/30/19,144.61,60.82,1779.99,304.14
10/31/19,143.37,62.19,1776.66,303.33
11/1/19,143.72,63.96,1791.44,306.14
11/4/19,144.55,64.38,1804.66,307.37
11/5/19,144.46,64.28,1801.71,307.03
11/6/19,144.06,64.31,1795.77,307.1
11/7/19,144.26,64.86,1788.2,308.18
11/8/19,145.96,65.04,1785.88,308.94
11/11/19,146.11,65.55,1771.65,308.35
11/12/19,147.07,65.49,1778,309
11/13/19,147.31,66.12,1753.11,309.1
11/14/19,148.06,65.66,1754.6,309.55
11/15/19,149.97,66.44,1739.49,311.79
11/18/19,150.34,66.78,1752.53,312.02
11/19/19,150.39,66.57,1752.79,311.93
11/20/19,149.62,65.8,1745.53,310.77
11/21/19,149.48,65.5,1734.71,310.27
11/22/19,149.59,65.44,1745.72,310.96
11/25/19,151.23,66.59,1773.84,313.37
11/26/19,152.03,66.07,1796.94,314.08
11/27/19,152.32,66.96,1818.51,315.48
11/29/19,151.38,66.81,1800.8,314.31
12/2/19,149.55,66.04,1781.6,311.64
12/3/19,149.31,64.86,1769.96,309.55
12/4/19,149.85,65.44,1760.69,311.46
12/5/19,149.93,66.4,1740.48,312.02
12/6/19,151.75,67.68,1751.6,314.87
12/9/19,151.75,66.73,1749.51,313.88
12/10/19,151.13,67.12,1739.21,313.53
12/11/19,151.7,67.69,1748.72,314.42
12/12/19,153.24,67.86,1760.33,317.13
12/13/19,154.53,68.79,1760.94,317.32
12/16/19,155.53,69.97,1769.21,319.5
12/17/19,154.69,70.1,1790.66,319.57
12/18/19,154.37,69.94,1784.03,319.59
12/19/19,155.71,70.01,1792.28,320.9
12/20/19,157.41,69.86,1786.5,320.73
12/23/19,157.41,71,1793,321.22
12/24/19,157.38,71.07,1789.21,321.23
12/26/19,158.67,72.48,1868.77,322.94
12/27/19,158.96,72.45,1869.8,322.86
12/30/19,157.59,72.88,1846.89,321.08
12/31/19,157.7,73.41,1847.84,321.86
1/2/20,160.62,75.09,1898.01,324.87
1/3/20,158.62,74.36,1874.97,322.41
1/6/20,159.03,74.95,1902.88,323.64
1/7/20,157.58,74.6,1906.86,322.73
1/8/20,160.09,75.8,1891.97,324.45
1/9/20,162.09,77.41,1901.05,326.65
1/10/20,161.34,77.58,1883.16,325.71
1/13/20,163.28,79.24,1891.3,327.95
1/14/20,162.13,78.17,1869.44,327.45
1/15/20,163.18,77.83,1862.02,328.19
1/16/20,166.17,78.81,1877.94,330.92
1/17/20,167.1,79.68,1864.72,331.95
1/21/20,166.5,79.14,1892,331.3
1/22/20,165.7,79.43,1887.46,331.34
1/23/20,166.72,79.81,1884.58,331.72
1/24/20,165.04,79.58,1861.64,328.77
1/27/20,162.28,77.24,1828.34,323.5
1/28/20,165.46,79.42,1853.25,326.89
1/29/20,168.04,81.08,1858,326.62
1/30/20,172.78,80.97,1870.68,327.68
1/31/20,170.23,77.38,2008.72,321.73
2/3/20,174.38,77.17,2004.2,324.12
2/4/20,180.12,79.71,2049.67,329.06
2/5/20,179.9,80.36,2039.87,332.86
2/6/20,183.63,81.3,2050.23,333.98
2/7/20,183.89,80.01,2079.28,332.2
2/10/20,188.7,80.39,2133.91,334.68
2/11/20,184.44,79.9,2150.8,335.26
2/12/20,184.71,81.8,2160,337.42
2/13/20,183.71,81.22,2149.87,337.06
2/14/20,185.35,81.24,2134.87,337.6
2/18/20,187.23,79.75,2155.67,336.73
2/19/20,187.28,80.91,2170.22,338.34
2/20/20,184.42,80.08,2153.1,336.95
2/21/20,178.59,78.26,2095.97,333.48
2/24/20,170.89,74.55,2009.29,322.42
2/25/20,168.07,72.02,1972.74,312.65
2/26/20,170.17,73.16,1979.59,311.5
2/27/20,158.18,68.38,1884.3,297.51
2/28/20,162.01,68.34,1883.75,296.26
3/2/20,172.79,74.7,1953.95,309.09
3/3/20,164.51,72.33,1908.99,300.24
3/4/20,170.55,75.69,1975.83,312.86
3/5/20,166.27,73.23,1924.03,302.46
3/6/20,161.57,72.26,1901.09,297.46
3/9/20,150.62,66.54,1800.61,274.23
3/10/20,160.92,71.33,1891.82,288.42
3/11/20,153.63,68.86,1820.86,274.36
3/12/20,139.06,62.06,1676.61,248.11
3/13/20,158.83,69.49,1785,269.32
3/16/20,135.42,60.55,1689.15,239.85
3/17/20,146.57,63.22,1807.84,252.8
3/18/20,140.4,61.67,1830,240
3/19/20,142.71,61.2,1880.93,240.51
3/20/20,137.35,57.31,1846.09,228.8
3/23/20,135.98,56.09,1902.83,222.95
3/24/20,148.34,61.72,1940.1,243.15
3/25/20,146.92,61.38,1885.84,246.79
3/26/20,156.11,64.61,1955.49,261.2
3/27/20,149.7,61.94,1900.1,253.42
3/30/20,160.23,63.7,1963.95,261.65
3/31/20,157.71,63.57,1949.72,257.75
4/1/20,152.11,60.23,1907.7,246.15
4/2/20,155.26,61.23,1918.83,251.83
4/3/20,153.83,60.35,1906.59,248.19
4/6/20,165.27,65.62,1997.59,264.86
4/7/20,163.49,64.86,2011.6,265.13
4/8/20,165.13,66.52,2043,274.03
4/9/20,165.14,67,2042.76,278.2
4/13/20,165.51,68.31,2168.87,275.66
4/14/20,173.7,71.76,2283.32,283.79
4/15/20,171.88,71.11,2307.68,277.76
4/16/20,177.04,71.67,2408.19,279.1
4/17/20,178.6,70.7,2375,286.64
4/20/20,175.06,69.23,2393.61,281.59
4/21/20,167.82,67.09,2328.12,273.04
4/22/20,173.52,69.03,2363.49,279.1
4/23/20,171.42,68.76,2399.45,279.08
4/24/20,174.55,70.74,2410.22,282.97
4/27/20,174.05,70.79,2376,287.05
4/28/20,169.81,69.65,2314.08,285.73
4/29/20,177.43,71.93,2372.71,293.21
4/30/20,179.21,73.45,2474,290.48
5/1/20,174.57,72.27,2286.04,282.79
5/4/20,178.84,73.29,2315.99,283.57
5/5/20,180.76,74.39,2317.8,286.19
5/6/20,182.54,75.16,2351.26,284.25
5/7/20,183.6,75.94,2367.61,287.68
5/8/20,184.68,77.53,2379.61,292.44
5/11/20,186.74,78.75,2409,292.5
5/12/20,182.51,77.85,2356.95,286.67
5/13/20,179.75,76.91,2367.92,281.6
5/14/20,180.53,77.39,2388.85,284.97
5/15/20,183.16,76.93,2409.78,286.28
5/18/20,184.91,78.74,2426.26,295
5/19/20,183.63,78.29,2449.33,291.97
5/20/20,185.66,79.81,2497.94,296.93
5/21/20,183.43,79.21,2446.74,294.88
5/22/20,183.51,79.72,2436.88,295.44
5/26/20,181.57,79.18,2421.86,299.08
5/27/20,181.81,79.53,2410.39,303.53
5/28/20,181.4,79.56,2401.1,302.97
5/29/20,183.25,79.49,2442.37,304.32
6/1/20,182.83,80.46,2471.04,305.55
6/2/20,184.91,80.83,2472.41,308.08
6/3/20,185.36,81.28,2478.4,312.18
6/4/20,182.92,80.58,2460.6,311.36
6/5/20,187.2,82.88,2483,319.34
6/8/20,188.36,83.37,2524.06,323.2
6/9/20,189.8,86,2600.86,320.79
6/10/20,196.84,88.21,2647.45,319
6/11/20,186.27,83.98,2557.96,300.61
6/12/20,187.74,84.7,2545.02,304.21
6/15/20,188.94,85.75,2572.68,307.05
6/16/20,193.57,88.02,2615.27,312.96
6/17/20,194.24,87.9,2640.98,311.66
6/18/20,196.32,87.93,2653.98,311.78
6/19/20,195.15,87.43,2675.01,308.64
6/22/20,200.57,89.72,2713.82,310.62
6/23/20,201.91,91.63,2764.41,312.05
6/24/20,197.84,90.02,2734.4,304.09
6/25/20,200.34,91.21,2754.58,307.35
6/26/20,196.33,88.41,2692.87,300.05
6/29/20,198.44,90.45,2680.38,304.46
6/30/20,203.51,91.2,2758.82,308.36
7/1/20,204.7,91.03,2878.7,310.52
7/2/20,206.26,91.03,2890.3,312.23
7/6/20,210.7,93.46,3057.04,317.05
7/7/20,208.25,93.17,3000.12,313.78
7/8/20,212.83,95.34,3081.11,316.18
7/9/20,214.32,95.68,3182.63,314.38
7/10/20,213.67,95.92,3200,317.59
7/13/20,207.07,95.48,3104,314.84
7/14/20,208.35,97.06,3084,318.92
7/15/20,208.04,97.73,3008.87,321.85
7/16/20,203.92,96.52,2999.9,320.79
7/17/20,202.88,96.33,2961.97,321.72
7/20/20,211.6,98.36,3196.84,324.32
7/21/20,208.75,97,3138.29,325.01
7/22/20,211.75,97.27,3099.91,326.86
7/23/20,202.54,92.85,2986.55,322.96
7/24/20,201.3,92.62,3008.91,320.88
7/27/20,203.85,94.81,3055.21,323.22
7/28/20,202.02,93.25,3000.33,321.17
7/29/20,204.06,95.04,3033.53,325.12
7/30/20,203.9,96.19,3051.88,323.96
7/31/20,205.01,106.26,3164.68,326.52
8/3/20,216.54,108.94,3111.89,328.79
8/4/20,213.29,109.67,3138.83,330.06
8/5/20,212.94,110.06,3205.03,332.11
8/6/20,216.35,113.9,3225,334.33
8/7/20,212.48,111.11,3167.46,334.57
8/10/20,208.25,112.73,3148.16,335.57
8/11/20,203.38,109.38,3080.67,332.8
8/12/20,209.19,113.01,3162.24,337.44
8/13/20,208.7,115.01,3161.02,336.83
8/14/20,208.9,114.91,3148.02,336.84
8/17/20,210.28,114.61,3182.41,337.91
8/18/20,211.49,115.56,3312.49,338.64
8/19/20,209.7,115.71,3260.48,337.23
8/20/20,214.58,118.28,3297.37,338.28
8/21/20,213.02,124.37,3284.72,339.48
8/24/20,213.69,125.86,3307.46,342.92
8/25/20,216.47,124.83,3346.49,344.12
8/26/20,221.15,126.52,3441.85,347.57
8/27/20,226.58,125.01,3400,348.33
8/28/20,228.91,124.81,3401.8,350.58
8/31/20,225.53,129.04,3450.96,349.31
9/1/20,227.27,134.18,3499.12,352.6
9/2/20,231.65,131.4,3531.45,357.7
9/3/20,217.3,120.88,3368,345.39
9/4/20,214.25,120.96,3294.62,342.57
9/8/20,202.66,112.82,3149.84,333.21
9/9/20,211.29,117.32,3268.61,339.79
9/10/20,205.37,113.49,3175.11,333.89
9/11/20,204.03,112,3116.22,334.06
9/14/20,205.41,115.36,3102.97,338.46
9/15/20,208.78,115.54,3156.13,340.17
9/16/20,205.05,112.13,3078.1,338.82
9/17/20,202.91,110.34,3008.73,335.84
9/18/20,200.39,106.84,2954.91,330.65
9/21/20,202.54,110.08,2960.47,326.97
9/22/20,207.42,111.81,3128.99,330.3
9/23/20,200.59,107.12,2999.86,322.64
9/24/20,203.19,108.22,3019.79,323.5
9/25/20,207.82,112.28,3095.13,328.73
9/28/20,209.44,114.96,3174.05,334.19
9/29/20,207.26,114.09,3144.88,332.37
9/30/20,210.33,115.81,3148.73,334.89
10/1/20,212.46,116.79,3221.26,337.04
10/2/20,206.19,113.02,3125,333.84
10/5/20,210.38,116.5,3199.2,339.76
10/6/20,205.91,113.16,3099.96,334.93
10/7/20,209.83,115.08,3195.69,340.76
10/8/20,210.58,114.97,3190.55,343.78
10/9/20,215.81,116.97,3286.65,346.85
10/12/20,221.4,124.4,3442.93,352.43
10/13/20,222.86,121.1,3443.63,350.13
10/14/20,220.86,121.19,3363.71,347.93
10/15/20,219.66,120.71,3338.65,347.5
10/16/20,219.66,119.02,3272.71,347.29
10/19/20,214.22,115.98,3207.21,342.01
10/20/20,214.65,117.51,3217.01,343.38
10/21/20,214.8,116.87,3184.94,342.73
10/22/20,214.89,115.75,3176.4,344.61
10/23/20,216.23,115.04,3204.4,345.78
10/26/20,210.08,115.05,3207.04,339.39
10/27/20,213.25,116.6,3286.33,338.22
10/28/20,202.68,111.2,3162.78,326.66
10/29/20,204.72,115.32,3211.01,329.98
10/30/20,202.47,108.86,3036.15,326.54
11/2/20,202.33,108.77,3004.48,330.2
11/3/20,206.43,110.44,3048.41,336.03
11/4/20,216.39,114.95,3241.16,343.54
11/5/20,223.29,119.03,3322,350.24
11/6/20,223.72,118.69,3311.37,350.16
11/9/20,218.39,116.32,3143.74,354.56
11/10/20,211.01,115.97,3035.02,354.04
11/11/20,216.55,119.49,3137.39,356.67
11/12/20,215.44,119.21,3110.28,353.21
11/13/20,216.51,119.26,3128.81,358.1
11/16/20,217.23,120.3,3131.06,362.57
11/17/20,214.46,119.39,3135.66,360.62
11/18/20,211.08,118.03,3105.46,356.28
11/19/20,212.42,118.64,3117.02,357.78
11/20/20,210.39,117.34,3099.4,355.33
11/23/20,210.11,113.85,3098.39,357.46
11/24/20,213.86,115.17,3118.06,363.22
11/25/20,213.87,116.03,3185.07,362.66
11/27/20,215.23,116.59,3195.34,363.67
11/30/20,214.07,119.05,3168.04,362.06
12/1/20,216.21,122.72,3220.08,366.02
12/2/20,215.37,123.08,3203.53,366.79
12/3/20,214.24,122.94,3186.73,366.69
12/4/20,214.36,122.25,3162.58,369.85
12/7/20,214.29,123.75,3158,369.09
12/8/20,216.01,124.38,3177.29,370.17
12/9/20,211.8,121.78,3104.2,366.85
12/10/20,210.52,123.24,3101.49,366.73
12/11/20,213.26,122.41,3116.42,366.3
12/14/20,214.2,121.78,3156.97,364.66
12/15/20,214.13,127.88,3165.12,369.59
12/16/20,219.28,127.81,3240.96,370.17
12/17/20,219.42,128.7,3236.08,372.24
12/18/20,218.59,126.66,3201.65,369.18
12/21/20,222.59,128.23,3206.18,367.86
12/22/20,223.94,131.88,3206.52,367.24
12/23/20,221.02,130.96,3185.27,367.57
12/24/20,222.75,131.97,3172.69,369
12/28/20,224.96,136.69,3283.96,372.17
12/29/20,224.15,134.87,3322,371.46
12/30/20,221.68,133.72,3285.85,371.99
12/31/20,222.42,132.69,3256.93,373.88
1/4/21,217.69,129.41,3186.63,368.79
1/5/21,217.9,131.01,3218.51,371.33
1/6/21,212.25,126.6,3138.38,373.55
1/7/21,218.29,130.92,3162.16,379.1
1/8/21,219.62,132.05,3182.7,381.26
1/11/21,217.49,128.98,3114.21,378.69
1/12/21,214.93,128.8,3120.83,378.77
1/13/21,216.34,130.89,3165.89,379.79
1/14/21,213.02,128.91,3127.47,378.46
1/15/21,212.65,127.14,3104.25,375.7
1/19/21,216.44,127.83,3120.76,378.65
1/20/21,224.34,132.03,3263.38,383.89
1/21/21,224.97,136.87,3306.99,384.24
1/22/21,225.95,139.07,3292.23,382.88
1/25/21,229.53,142.92,3294,384.39
1/26/21,232.33,143.16,3326.13,383.79
1/27/21,232.9,142.06,3232.58,374.41
1/28/21,238.93,137.09,3237.62,377.63
1/29/21,231.96,131.96,3206.2,370.07
2/1/21,239.65,134.14,3342.88,376.23
2/2/21,239.51,134.99,3380,381.55
2/3/21,243,133.94,3312.53,381.85
2/4/21,242.01,137.39,3331,386.19
2/5/21,242.2,136.76,3352.15,387.71
2/8/21,242.47,136.91,3322.94,390.51
2/9/21,243.77,136.01,3305,390.25
2/10/21,242.82,135.39,3286.58,390.08
2/11/21,244.49,135.13,3262.13,390.71
2/12/21,244.99,135.37,3277.71,392.64
2/16/21,243.7,133.19,3268.95,392.3
2/17/21,244.2,130.84,3308.64,392.39
2/18/21,243.79,129.71,3328.23,390.72
2/19/21,240.97,129.87,3249.9,390.03
2/22/21,234.51,126,3180.74,387.03
2/23/21,233.27,125.86,3194.5,387.5
2/24/21,234.55,125.35,3159.53,391.77
2/25/21,228.99,120.99,3057.16,382.33
2/26/21,232.38,121.26,3092.93,380.36
3/1/21,236.94,127.79,3146.14,389.58
3/2/21,233.87,125.12,3094.53,386.54
3/3/21,227.56,122.06,3005,381.42